------------------ -------------------------------------------------------------- ------ ------ ------ ------ ------ ------ ------ ------ ------ ------ ------ ------ ------ ------ ------ ------ ------ ------ ------ ------ ------ ------ ------ ------ ------ ------ ------ ------ ------ ------ ------ ------ ------ ------ ------ ------ ------ ------ ------ ------ ------ ------ ------ ------ ------ ------ ------ ------ ------ ------ ------ ------ ------ ------ ------ ------ ------ ------ ------ ------ ------ ------ ------ ------ ------
Kernel Name        void <unnamed>::layernorm_kernel_cub<(int)4>(const float *,                                                                                                                                                                                                                                                                                                                                                                                                                                                                          
                   const float *, const float *, float *, unsigned long, unsign                                                                                                                                                                                                                                                                                                                                                                                                                                                                         
                   ed long, float)                                                                                                                                                                                                                                                                                                                                                                                                                                                                                                                      
------------------ -------------------------------------------------------------- ------ ------ ------ ------ ------ ------ ------ ------ ------ ------ ------ ------ ------ ------ ------ ------ ------ ------ ------ ------ ------ ------ ------ ------ ------ ------ ------ ------ ------ ------ ------ ------ ------ ------ ------ ------ ------ ------ ------ ------ ------ ------ ------ ------ ------ ------ ------ ------ ------ ------ ------ ------ ------ ------ ------ ------ ------ ------ ------ ------ ------ ------ ------ ------ ------
Address            Source                                                         Warp S Warp S # Samp Instru Thread Predic Avg. T Avg. P Deriva Avg. P Diverg Addres Access Access L1 Tag L1 Con L1 Wav L1 Wav L1 Wav L2 The L2 The L2 The L2 Exp L2 Exp L2 Exp L2 Exp L2 Exp L2 Exp L2 Exp stall_ stall_ stall_ stall_ stall_ stall_ stall_ stall_ stall_ stall_ stall_ stall_ stall_ stall_ stall_ stall_ stall_ stall_ stall_ stall_ stall_ stall_ stall_ stall_ stall_ stall_ stall_ stall_ stall_ stall_ stall_ stall_ stall_ stall_ stall_ stall_
                                                                                  tall S tall S les    ctions  Instr ated-O hreads redica tive A redica ent Br s Spac  Opera  Size   Reque flicts efront efront efront oretic oretic oretic licit  licit  licit  licit  licit  licit  licit  barrie branch dispat drain  imc    lg     long_s math   membar mio    misc   no_ins not_se select short_ sleep  tex    wait   barrie branch dispat drain  imc (N lg (No long_s math ( membar mio (N misc ( no_ins not_se select short_ sleepi tex (N wait (
                                                                                  amplin amplin         Execu uction n Thre  Execu ted-On vg. Pr ted-On anches e      tion          sts Gl  Share s Shar s Shar s Shar al Sec al Sec al Sec Evict  Hit Po Hit Po Hit Po Hit Po Miss P Miss P r      _resol ch                          b                                  t      lected ed     sb                          r (Not _resol ch (No (Not I ot Iss t Issu b (Not Not Is  (Not  ot Iss Not Is t (Not lected ed (No sb (No ng (No ot Iss Not Is
                                                                                  g (All g (Not        ted    s Exec ad Ins ted     Threa edicat  Threa                             obal   d N-Wa ed Exc ed     ed Ide tors G tors G tors G Polici licy E licy E licy E licy E olicy  olicy         ving                                                                                                                    Issue ving ( t Issu ssued) ued)   ed)     Issue sued)  Issued ued)   sued)   Issue  (Not  t Issu t Issu t Issu ued)   sued) 
                                                                                   Sampl -issue               uted   tructi        ds Exe ed-On  ds Une                                    y      essive        al     lobal  lobal  lobal  es     vict F vict L vict N vict N Evict  Evict                                                                                                                                d)     Not Is ed)                         d)            )                    d)     Issued ed)    ed)    ed)                 
                                                                                  es)    d Samp                      ons Ex        cuted  Thread xecute                                                                Excess        Ideal         irst   ast    ormal  ormal  First  Normal                                                                                                                                      sued)                                                                        )                                        
                                                                                         les)                        ecuted               s Exec d                                                                     ive                                              Demote                                                                                                                                                                                                                                                                          
                                                                                                                                          uted                                                                                                                                                                                                                                                                                                                                                                                                          
0x7599f3289900           MOV R1, c[0x0][0x28]                                     3      0      3      8192   262144 262144 32     32     0      0      0      -      -      -      0      0      0      0      0      0      0      0      -      0      0      0      0      0      0      0      0      1      0      0      0      0      1      0      0      0      0      1      0      0      0      0      0      0      0      0      0      0      0      0      0      0      0      0      0      0      0      0      0      0      0     
0x7599f3289910           S2R R2, SR_CTAID.X                                       0      0      0      8192   262144 262144 32     32     0      0      0      -      -      -      0      0      0      0      0      0      0      0      -      0      0      0      0      0      0      0      0      0      0      0      0      0      0      0      0      0      0      0      0      0      0      0      0      0      0      0      0      0      0      0      0      0      0      0      0      0      0      0      0      0      0     
0x7599f3289920           ISETP.GE.U32.AND P0, PT, R2, c[0x0][0x180], PT           37     32     37     8192   262144 262144 32     32     0      0      0      -      -      -      0      0      0      0      0      0      0      0      -      0      0      0      0      0      0      0      0      0      0      27     0      0      0      0      0      0      8      1      0      1      0      0      0      0      0      0      0      27     0      0      0      0      0      0      5      0      0      0      0      0      0     
0x7599f3289930           ISETP.GE.U32.AND.EX P0, PT, RZ, c[0x0][0x184], PT, P0    3      2      3      8192   262144 262144 32     32     0      0      0      -      -      -      0      0      0      0      0      0      0      0      -      0      0      0      0      0      0      0      0      0      0      0      0      0      1      0      0      0      0      0      0      0      0      0      2      0      0      0      0      0      0      0      1      0      0      0      0      0      0      0      0      0      1     
0x7599f3289940     @P0   EXIT                                                     4      1      4      8192   262144 0      32     0      32     32     0      -      -      -      0      0      0      0      0      0      0      0      -      0      0      0      0      0      0      0      0      0      0      0      0      0      0      0      0      0      0      0      0      0      0      0      4      0      0      0      0      0      0      0      0      0      0      0      0      0      0      0      0      0      1     
0x7599f3289950           S2R R20, SR_TID.X                                        1      0      1      8192   262144 262144 32     32     32     0      0      -      -      -      0      0      0      0      0      0      0      0      -      0      0      0      0      0      0      0      0      0      0      0      0      0      0      0      0      0      0      0      1      0      0      0      0      0      0      0      0      0      0      0      0      0      0      0      0      0      0      0      0      0      0     
0x7599f3289960           ULDC.64 UR4, c[0x0][0x188]                               0      0      0      8192   262144 262144 32     32     0      0      0      -      -      -      0      0      0      0      0      0      0      0      -      0      0      0      0      0      0      0      0      0      0      0      0      0      0      0      0      0      0      0      0      0      0      0      0      0      0      0      0      0      0      0      0      0      0      0      0      0      0      0      0      0      0     
0x7599f3289970           BSSY B0, 0x7599f3289bc0                                  1      0      1      8192   262144 262144 32     32     0      0      0      -      -      -      0      0      0      0      0      0      0      0      -      0      0      0      0      0      0      0      0      0      0      0      0      0      0      0      0      0      0      0      1      0      0      0      0      0      0      0      0      0      0      0      0      0      0      0      0      0      0      0      0      0      0     
0x7599f3289980           USHF.R.U64 UR4, UR4, 0x2, UR5                            0      0      0      8192   262144 262144 32     32     0      0      0      -      -      -      0      0      0      0      0      0      0      0      -      0      0      0      0      0      0      0      0      0      0      0      0      0      0      0      0      0      0      0      0      0      0      0      0      0      0      0      0      0      0      0      0      0      0      0      0      0      0      0      0      0      0     
0x7599f3289990           MOV R21, RZ                                              0      0      0      8192   262144 262144 32     32     0      0      0      -      -      -      0      0      0      0      0      0      0      0      -      0      0      0      0      0      0      0      0      0      0      0      0      0      0      0      0      0      0      0      0      0      0      0      0      0      0      0      0      0      0      0      0      0      0      0      0      0      0      0      0      0      0     
0x7599f32899a0           USHF.R.U32.HI UR5, URZ, 0x2, UR5                         1      0      1      8192   262144 262144 32     32     0      0      0      -      -      -      0      0      0      0      0      0      0      0      -      0      0      0      0      0      0      0      0      0      0      0      0      0      0      0      0      0      0      0      1      0      0      0      0      0      0      0      0      0      0      0      0      0      0      0      0      0      0      0      0      0      0     
0x7599f32899b0           ULDC.64 UR6, c[0x0][0x118]                               1      0      1      8192   262144 262144 32     32     0      0      0      -      -      -      0      0      0      0      0      0      0      0      -      0      0      0      0      0      0      0      0      0      0      0      0      0      0      0      0      0      0      0      0      0      0      0      1      0      0      0      0      0      0      0      0      0      0      0      0      0      0      0      0      0      0     
0x7599f32899c0           MOV R0, UR5                                              1      0      1      8192   262144 262144 32     32     0      0      0      -      -      -      0      0      0      0      0      0      0      0      -      0      0      0      0      0      0      0      0      0      0      0      0      0      1      0      0      0      0      0      0      0      0      0      0      0      0      0      0      0      0      0      0      0      0      0      0      0      0      0      0      0      0     
0x7599f32899d0           ISETP.LT.U32.AND P0, PT, R20, UR4, PT                    4      3      4      8192   262144 262144 32     32     0      0      0      -      -      -      0      0      0      0      0      0      0      0      -      0      0      0      0      0      0      0      0      0      0      0      0      0      1      0      0      0      0      0      0      2      0      0      1      0      0      0      0      0      0      0      1      0      0      0      0      0      0      1      0      0      1     
0x7599f32899e0           ISETP.GT.U32.AND.EX P0, PT, R0, RZ, PT, P0               2      1      2      8192   262144 262144 32     32     0      0      0      -      -      -      0      0      0      0      0      0      0      0      -      0      0      0      0      0      0      0      0      0      0      0      0      0      1      0      0      0      0      0      0      0      0      0      1      0      0      0      0      0      0      0      0      0      0      0      0      0      0      0      0      0      1     
0x7599f32899f0     @!P0  IMAD.MOV.U32 R3, RZ, RZ, RZ                              3      2      3      8192   262144 0      32     0      32     32     0      -      -      -      0      0      0      0      0      0      0      0      -      0      0      0      0      0      0      0      0      0      0      0      0      0      0      0      0      0      0      0      0      0      0      0      3      0      0      0      0      0      0      0      0      0      0      0      0      0      0      0      0      0      2     
0x7599f3289a00     @!P0  CS2R R8, SRZ                                             1      0      1      8192   262144 0      32     0      0      32     0      -      -      -      0      0      0      0      0      0      0      0      -      0      0      0      0      0      0      0      0      0      0      0      0      0      0      0      0      0      0      0      1      0      0      0      0      0      0      0      0      0      0      0      0      0      0      0      0      0      0      0      0      0      0     
0x7599f3289a10     @!P0  MOV R10, RZ                                              1      0      1      8192   262144 0      32     0      0      32     0      -      -      -      0      0      0      0      0      0      0      0      -      0      0      0      0      0      0      0      0      0      0      0      0      0      0      0      0      0      0      1      0      0      0      0      0      0      0      0      0      0      0      0      0      0      0      0      0      0      0      0      0      0      0     
0x7599f3289a20     @!P0  BRA 0x7599f3289bb0                                       1      0      1      8192   262144 0      32     0      0      32     0      -      -      -      0      0      0      0      0      0      0      0      -      0      0      0      0      0      0      0      0      0      0      0      0      0      0      0      0      0      0      0      1      0      0      0      0      0      0      0      0      0      0      0      0      0      0      0      0      0      0      0      0      0      0     
0x7599f3289a30           BSSY B1, 0x7599f3289ba0                                  2      0      2      8192   262144 262144 32     32     32     0      0      -      -      -      0      0      0      0      0      0      0      0      -      0      0      0      0      0      0      0      0      0      0      0      0      0      0      0      0      0      0      0      1      0      0      0      1      0      0      0      0      0      0      0      0      0      0      0      0      0      0      0      0      0      0     
0x7599f3289a40           MOV R3, RZ                                               0      0      0      8192   262144 262144 32     32     0      0      0      -      -      -      0      0      0      0      0      0      0      0      -      0      0      0      0      0      0      0      0      0      0      0      0      0      0      0      0      0      0      0      0      0      0      0      0      0      0      0      0      0      0      0      0      0      0      0      0      0      0      0      0      0      0     
0x7599f3289a50           CS2R R8, SRZ                                             2      1      2      8192   262144 262144 32     32     0      0      0      -      -      -      0      0      0      0      0      0      0      0      -      0      0      0      0      0      0      0      0      0      0      0      0      0      1      0      0      0      0      0      1      0      0      0      0      0      0      0      0      0      0      0      1      0      0      0      0      0      0      0      0      0      0     
0x7599f3289a60           MOV R10, RZ                                              0      0      0      8192   262144 262144 32     32     0      0      0      -      -      -      0      0      0      0      0      0      0      0      -      0      0      0      0      0      0      0      0      0      0      0      0      0      0      0      0      0      0      0      0      0      0      0      0      0      0      0      0      0      0      0      0      0      0      0      0      0      0      0      0      0      0     
0x7599f3289a70           IMAD.MOV.U32 R0, RZ, RZ, R20                             0      0      0      8192   262144 262144 32     32     0      0      0      -      -      -      0      0      0      0      0      0      0      0      -      0      0      0      0      0      0      0      0      0      0      0      0      0      0      0      0      0      0      0      0      0      0      0      0      0      0      0      0      0      0      0      0      0      0      0      0      0      0      0      0      0      0     
0x7599f3289a80           MOV R11, R21                                             0      0      0      8192   262144 262144 32     32     0      0      0      -      -      -      0      0      0      0      0      0      0      0      -      0      0      0      0      0      0      0      0      0      0      0      0      0      0      0      0      0      0      0      0      0      0      0      0      0      0      0      0      0      0      0      0      0      0      0      0      0      0      0      0      0      0     
0x7599f3289a90           SHF.L.U64.HI R5, R0, 0x2, R11                            2      0      2      16384  524288 524288 32     32     0      0      0      -      -      -      0      0      0      0      0      0      0      0      -      0      0      0      0      0      0      0      0      0      0      0      0      0      0      0      0      0      0      1      0      0      0      0      1      0      0      0      0      0      0      0      0      0      0      0      0      0      0      0      0      0      0     
0x7599f3289aa0           SHF.L.U32 R4, R0, 0x2, RZ                                1      0      1      16384  524288 524288 32     32     0      0      0      -      -      -      0      0      0      0      0      0      0      0      -      0      0      0      0      0      0      0      0      0      0      0      0      0      0      0      0      0      0      1      0      0      0      0      0      0      0      0      0      0      0      0      0      0      0      0      0      0      0      0      0      0      0     
0x7599f3289ab0           IMAD.WIDE.U32 R4, R2, c[0x0][0x188], R4                  4      2      4      16384  524288 524288 32     32     0      0      0      -      -      -      0      0      0      0      0      0      0      0      -      0      0      0      0      0      0      0      0      0      0      0      0      0      0      0      0      0      0      0      1      0      0      0      3      0      0      0      0      0      0      0      0      0      0      0      0      0      0      0      0      0      2     
0x7599f3289ac0           IMAD R5, R2, c[0x0][0x18c], R5                           0      0      0      16384  524288 524288 32     32     0      0      0      -      -      -      0      0      0      0      0      0      0      0      -      0      0      0      0      0      0      0      0      0      0      0      0      0      0      0      0      0      0      0      0      0      0      0      0      0      0      0      0      0      0      0      0      0      0      0      0      0      0      0      0      0      0     
0x7599f3289ad0           LEA R6, P0, R4, c[0x0][0x160], 0x2                       2      0      2      16384  524288 524288 32     32     0      0      0      -      -      -      0      0      0      0      0      0      0      0      -      0      0      0      0      0      0      0      0      2      0      0      0      0      0      0      0      0      0      0      0      0      0      0      0      0      0      0      0      0      0      0      0      0      0      0      0      0      0      0      0      0      0     
0x7599f3289ae0           LEA.HI.X R7, R4, c[0x0][0x164], R5, 0x2, P0              3      0      3      16384  524288 524288 32     32     0      0      0      -      -      -      0      0      0      0      0      0      0      0      -      0      0      0      0      0      0      0      0      0      0      0      0      0      1      0      0      0      0      0      0      0      0      0      2      0      0      0      0      0      0      0      0      0      0      0      0      0      0      0      0      0      0     
0x7599f3289af0           LDG.E.128.CONSTANT R4, [R6.64]                           3      1      3      16384  524288 524288 32     32     0      0      0      Global Load   128    65536  0      0      0      0      0      262144 262144        0      0      0      0      0      0      0      0      0      0      0      1      0      0      0      1      0      0      1      0      0      0      0      0      0      0      0      0      0      1      0      0      0      0      0      0      0      0      0      0      0      0     
0x7599f3289b00           IADD3 R0, P0, R0, c[0x0][0x0], RZ                        0      0      0      16384  524288 524288 32     32     0      0      0      -      -      -      0      0      0      0      0      0      0      0      -      0      0      0      0      0      0      0      0      0      0      0      0      0      0      0      0      0      0      0      0      0      0      0      0      0      0      0      0      0      0      0      0      0      0      0      0      0      0      0      0      0      0     
0x7599f3289b10           IADD3.X R11, RZ, R11, RZ, P0, !PT                        3      0      3      16384  524288 524288 32     32     0      0      0      -      -      -      0      0      0      0      0      0      0      0      -      0      0      0      0      0      0      0      0      0      0      0      0      0      1      0      0      0      0      0      1      0      0      0      1      0      0      0      0      0      0      0      0      0      0      0      0      0      0      0      0      0      0     
0x7599f3289b20           ISETP.GE.U32.AND P0, PT, R0, UR4, PT                     1      0      1      16384  524288 524288 32     32     0      0      0      -      -      -      0      0      0      0      0      0      0      0      -      0      0      0      0      0      0      0      0      0      0      0      0      0      0      0      0      0      0      0      1      0      0      0      0      0      0      0      0      0      0      0      0      0      0      0      0      0      0      0      0      0      0     
0x7599f3289b30           ISETP.GE.U32.AND.EX P0, PT, R11, UR5, PT, P0             3      2      3      16384  524288 524288 32     32     0      0      0      -      -      -      0      0      0      0      0      0      0      0      -      0      0      0      0      0      0      0      0      0      0      0      0      0      0      0      0      0      0      0      1      0      0      0      2      0      0      0      0      0      0      0      0      0      0      0      0      0      0      0      0      0      2     
0x7599f3289b40           FADD R3, R4, R3                                          836    669    836    16384  524288 524288 32     32     0      0      0      -      -      -      0      0      0      0      0      0      0      0      -      0      0      0      0      0      0      0      0      0      0      0      0      835    0      0      0      0      0      0      1      0      0      0      0      0      0      0      0      0      0      669    0      0      0      0      0      0      0      0      0      0      0     
0x7599f3289b50           FADD R8, R5, R8                                          1      0      1      16384  524288 524288 32     32     0      0      0      -      -      -      0      0      0      0      0      0      0      0      -      0      0      0      0      0      0      0      0      0      0      0      0      0      0      0      0      0      0      0      1      0      0      0      0      0      0      0      0      0      0      0      0      0      0      0      0      0      0      0      0      0      0     
0x7599f3289b60           FADD R9, R6, R9                                          0      0      0      16384  524288 524288 32     32     0      0      0      -      -      -      0      0      0      0      0      0      0      0      -      0      0      0      0      0      0      0      0      0      0      0      0      0      0      0      0      0      0      0      0      0      0      0      0      0      0      0      0      0      0      0      0      0      0      0      0      0      0      0      0      0      0     
0x7599f3289b70           FADD R10, R7, R10                                        0      0      0      16384  524288 524288 32     32     0      0      0      -      -      -      0      0      0      0      0      0      0      0      -      0      0      0      0      0      0      0      0      0      0      0      0      0      0      0      0      0      0      0      0      0      0      0      0      0      0      0      0      0      0      0      0      0      0      0      0      0      0      0      0      0      0     
0x7599f3289b80     @!P0  BRA 0x7599f3289a90                                       7      4      7      16384  524288 262144 32     16     16     16     0      -      -      -      0      0      0      0      0      0      0      0      -      0      0      0      0      0      0      0      0      0      0      0      0      0      0      0      0      0      0      1      0      0      0      0      6      0      0      0      0      0      0      0      0      0      0      0      0      0      0      0      0      0      4     
0x7599f3289b90           BSYNC B1                                                 3      3      3      8192   262144 262144 32     32     16     0      0      -      -      -      0      0      0      0      0      0      0      0      -      0      0      0      0      0      0      0      0      0      0      0      0      0      0      0      0      0      0      0      0      0      0      0      3      0      0      0      0      0      0      0      0      0      0      0      0      0      0      0      0      0      3     
0x7599f3289ba0           FADD R3, RZ, R3                                          1      1      1      8192   262144 262144 32     32     0      0      0      -      -      -      0      0      0      0      0      0      0      0      -      0      0      0      0      0      0      0      1      0      0      0      0      0      0      0      0      0      0      0      0      0      0      0      0      0      1      0      0      0      0      0      0      0      0      0      0      0      0      0      0      0      0     
0x7599f3289bb0           BSYNC B0                                                 0      0      0      8192   262144 262144 32     32     0      0      0      -      -      -      0      0      0      0      0      0      0      0      -      0      0      0      0      0      0      0      0      0      0      0      0      0      0      0      0      0      0      0      0      0      0      0      0      0      0      0      0      0      0      0      0      0      0      0      0      0      0      0      0      0      0     
0x7599f3289bc0           IMAD.MOV.U32 R0, RZ, RZ, c[0x0][0x0]                     5      5      5      8192   262144 262144 32     32     0      0      0      -      -      -      0      0      0      0      0      0      0      0      -      0      0      0      0      0      0      0      5      0      0      0      0      0      0      0      0      0      0      0      0      0      0      0      0      0      5      0      0      0      0      0      0      0      0      0      0      0      0      0      0      0      0     
0x7599f3289bd0           FADD R8, R3, R8                                          1      0      1      8192   262144 262144 32     32     0      0      0      -      -      -      0      0      0      0      0      0      0      0      -      0      0      0      0      0      0      0      0      0      0      0      0      0      0      0      0      0      0      0      1      0      0      0      0      0      0      0      0      0      0      0      0      0      0      0      0      0      0      0      0      0      0     
0x7599f3289be0           BSSY B0, 0x7599f328a5e0                                  0      0      0      8192   262144 262144 32     32     0      0      0      -      -      -      0      0      0      0      0      0      0      0      -      0      0      0      0      0      0      0      0      0      0      0      0      0      0      0      0      0      0      0      0      0      0      0      0      0      0      0      0      0      0      0      0      0      0      0      0      0      0      0      0      0      0     
0x7599f3289bf0           ISETP.GT.AND P0, PT, R0, 0x3ff, PT                       0      0      0      8192   262144 262144 32     32     0      0      0      -      -      -      0      0      0      0      0      0      0      0      -      0      0      0      0      0      0      0      0      0      0      0      0      0      0      0      0      0      0      0      0      0      0      0      0      0      0      0      0      0      0      0      0      0      0      0      0      0      0      0      0      0      0     
0x7599f3289c00           FADD R9, R8, R9                                          0      0      0      8192   262144 262144 32     32     0      0      0      -      -      -      0      0      0      0      0      0      0      0      -      0      0      0      0      0      0      0      0      0      0      0      0      0      0      0      0      0      0      0      0      0      0      0      0      0      0      0      0      0      0      0      0      0      0      0      0      0      0      0      0      0      0     
0x7599f3289c10           FADD R11, R9, R10                                        1      0      1      8192   262144 262144 32     32     0      0      0      -      -      -      0      0      0      0      0      0      0      0      -      0      0      0      0      0      0      0      0      0      0      0      0      0      0      0      0      0      0      0      1      0      0      0      0      0      0      0      0      0      0      0      0      0      0      0      0      0      0      0      0      0      0     
0x7599f3289c20     @P0   BRA 0x7599f328a230                                       2      1      2      8192   262144 0      32     0      32     32     0      -      -      -      0      0      0      0      0      0      0      0      -      0      0      0      0      0      0      0      0      0      0      0      0      0      0      0      0      0      0      0      0      0      0      0      2      0      0      0      0      0      0      0      0      0      0      0      0      0      0      0      0      0      1     
0x7599f3289c30           SHF.R.S32.HI R3, RZ, 0x1f, R20                           3      2      3      8192   262144 262144 32     32     32     0      0      -      -      -      0      0      0      0      0      0      0      0      -      0      0      0      0      0      0      0      0      0      0      0      0      0      0      0      0      0      0      1      0      0      0      0      2      0      0      0      0      0      0      0      0      0      0      0      0      0      0      0      0      0      2     
0x7599f3289c40           S2R R8, SR_LANEID                                        0      0      0      8192   262144 262144 32     32     0      0      0      -      -      -      0      0      0      0      0      0      0      0      -      0      0      0      0      0      0      0      0      0      0      0      0      0      0      0      0      0      0      0      0      0      0      0      0      0      0      0      0      0      0      0      0      0      0      0      0      0      0      0      0      0      0     
0x7599f3289c50           LEA.HI R3, R3, R20, RZ, 0x5                              0      0      0      8192   262144 262144 32     32     0      0      0      -      -      -      0      0      0      0      0      0      0      0      -      0      0      0      0      0      0      0      0      0      0      0      0      0      0      0      0      0      0      0      0      0      0      0      0      0      0      0      0      0      0      0      0      0      0      0      0      0      0      0      0      0      0     
0x7599f3289c60           LOP3.LUT R4, R3, 0xffffffe0, RZ, 0xc0, !PT               2      1      2      8192   262144 262144 32     32     0      0      0      -      -      -      0      0      0      0      0      0      0      0      -      0      0      0      0      0      0      0      0      0      0      0      0      0      1      0      0      0      0      1      0      0      0      0      0      0      0      0      0      0      0      0      1      0      0      0      0      0      0      0      0      0      0     
0x7599f3289c70           SHF.R.S32.HI R3, RZ, 0x5, R3                             0      0      0      8192   262144 262144 32     32     0      0      0      -      -      -      0      0      0      0      0      0      0      0      -      0      0      0      0      0      0      0      0      0      0      0      0      0      0      0      0      0      0      0      0      0      0      0      0      0      0      0      0      0      0      0      0      0      0      0      0      0      0      0      0      0      0     
0x7599f3289c80           IADD3 R5, R4, 0x20, RZ                                   1      0      1      8192   262144 262144 32     32     0      0      0      -      -      -      0      0      0      0      0      0      0      0      -      0      0      0      0      0      0      0      0      0      0      0      0      0      0      0      0      0      0      0      0      0      0      0      1      0      0      0      0      0      0      0      0      0      0      0      0      0      0      0      0      0      0     
0x7599f3289c90           LOP3.LUT R4, RZ, R4, RZ, 0x33, !PT                       1      0      1      8192   262144 262144 32     32     0      0      0      -      -      -      0      0      0      0      0      0      0      0      -      0      0      0      0      0      0      0      0      1      0      0      0      0      0      0      0      0      0      0      0      0      0      0      0      0      0      0      0      0      0      0      0      0      0      0      0      0      0      0      0      0      0     
0x7599f3289ca0           ISETP.GT.AND P0, PT, R5, c[0x0][0x0], PT                 0      0      0      8192   262144 262144 32     32     0      0      0      -      -      -      0      0      0      0      0      0      0      0      -      0      0      0      0      0      0      0      0      0      0      0      0      0      0      0      0      0      0      0      0      0      0      0      0      0      0      0      0      0      0      0      0      0      0      0      0      0      0      0      0      0      0     
0x7599f3289cb0           IADD3 R4, R4, c[0x0][0x0], RZ                            1      0      1      8192   262144 262144 32     32     0      0      0      -      -      -      0      0      0      0      0      0      0      0      -      0      0      0      0      0      0      0      0      0      0      0      0      0      0      0      0      0      0      0      1      0      0      0      0      0      0      0      0      0      0      0      0      0      0      0      0      0      0      0      0      0      0     
0x7599f3289cc0           SEL R4, R4, 0x1f, P0                                     2      1      2      8192   262144 262144 32     32     0      0      0      -      -      -      0      0      0      0      0      0      0      0      -      0      0      0      0      0      0      0      0      0      0      0      0      0      1      0      0      0      0      0      0      0      0      0      1      0      0      0      0      0      0      0      0      0      0      0      0      0      0      0      0      0      1     
0x7599f3289cd0           SHFL.DOWN P0, R5, R11, 0x1, R4                           3      1      3      8192   262144 262144 32     32     0      0      0      -      -      -      0      0      0      0      0      0      0      0      -      0      0      0      0      0      0      0      0      0      0      0      0      0      0      0      0      0      0      1      1      0      0      0      1      0      0      0      0      0      0      0      0      0      0      0      0      0      0      0      0      0      1     
0x7599f3289ce0     @P0   FADD R5, R11, R5                                         7      6      7      8192   262144 253952 32     31     1      1      0      -      -      -      0      0      0      0      0      0      0      0      -      0      0      0      0      0      0      0      0      0      0      0      0      0      0      0      0      0      0      0      0      7      0      0      0      0      0      0      0      0      0      0      0      0      0      0      0      0      0      6      0      0      0     
0x7599f3289cf0           SHFL.DOWN P0, R6, R5, 0x2, R4                            0      0      0      8192   262144 262144 32     32     1      0      0      -      -      -      0      0      0      0      0      0      0      0      -      0      0      0      0      0      0      0      0      0      0      0      0      0      0      0      0      0      0      0      0      0      0      0      0      0      0      0      0      0      0      0      0      0      0      0      0      0      0      0      0      0      0     
0x7599f3289d00     @P0   FADD R6, R5, R6                                          9      6      9      8192   262144 245760 32     30     2      2      0      -      -      -      0      0      0      0      0      0      0      0      -      0      0      0      0      0      0      0      0      0      0      0      0      0      0      0      0      0      0      0      0      9      0      0      0      0      0      0      0      0      0      0      0      0      0      0      0      0      0      6      0      0      0     
0x7599f3289d10           SHFL.DOWN P0, R7, R6, 0x4, R4                            3      1      3      8192   262144 262144 32     32     2      0      0      -      -      -      0      0      0      0      0      0      0      0      -      0      0      0      0      0      0      0      0      0      0      0      0      0      0      0      0      0      0      2      0      0      0      0      1      0      0      0      0      0      0      0      0      0      0      0      0      0      0      0      0      0      1     
0x7599f3289d20     @P0   FADD R7, R6, R7                                          3      2      3      8192   262144 229376 32     28     4      4      0      -      -      -      0      0      0      0      0      0      0      0      -      0      0      0      0      0      0      0      0      0      0      0      0      0      0      0      0      0      0      0      0      3      0      0      0      0      0      0      0      0      0      0      0      0      0      0      0      0      0      2      0      0      0     
0x7599f3289d30           SHFL.DOWN P0, R9, R7, 0x8, R4                            0      0      0      8192   262144 262144 32     32     4      0      0      -      -      -      0      0      0      0      0      0      0      0      -      0      0      0      0      0      0      0      0      0      0      0      0      0      0      0      0      0      0      0      0      0      0      0      0      0      0      0      0      0      0      0      0      0      0      0      0      0      0      0      0      0      0     
0x7599f3289d40     @P0   FADD R9, R7, R9                                          12     9      12     8192   262144 196608 32     24     8      8      0      -      -      -      0      0      0      0      0      0      0      0      -      0      0      0      0      0      0      0      0      0      0      0      0      0      0      0      0      0      0      0      0      12     0      0      0      0      0      0      0      0      0      0      0      0      0      0      0      0      0      9      0      0      0     
0x7599f3289d50           ISETP.NE.AND P0, PT, R8, RZ, PT                          1      0      1      8192   262144 262144 32     32     8      0      0      -      -      -      0      0      0      0      0      0      0      0      -      0      0      0      0      0      0      0      0      0      0      0      0      0      0      0      0      0      0      0      1      0      0      0      0      0      0      0      0      0      0      0      0      0      0      0      0      0      0      0      0      0      0     
0x7599f3289d60           SHFL.DOWN P1, R22, R9, 0x10, R4                          1      1      1      8192   262144 262144 32     32     0      0      0      -      -      -      0      0      0      0      0      0      0      0      -      0      0      0      0      0      0      0      0      0      0      0      0      0      0      0      0      0      0      0      0      0      0      0      1      0      0      0      0      0      0      0      0      0      0      0      0      0      0      0      0      0      1     
0x7599f3289d70     @P1   FADD R22, R9, R22                                        5      4      5      8192   262144 131072 32     16     16     16     0      -      -      -      0      0      0      0      0      0      0      0      -      0      0      0      0      0      0      0      0      0      0      0      0      0      0      0      0      0      0      0      0      4      0      0      1      0      0      0      0      0      0      0      0      0      0      0      0      0      0      3      0      0      1     
0x7599f3289d80     @!P0  STS [R3.X4+0x20], R22                                    3      2      3      8192   262144 8192   32     1      15     31     0      Shared Store  32     0      1      0      8192   8192   0      0      0      -      0      0      0      0      0      0      0      0      0      0      0      0      0      0      0      0      0      0      0      0      0      0      0      3      0      0      0      0      0      0      0      0      0      0      0      0      0      0      0      0      0      2     
0x7599f3289d90           BAR.SYNC.DEFER_BLOCKING 0x0                              2      1      2      8192   262144 262144 32     32     31     0      0      -      -      -      0      0      0      0      0      0      0      0      -      0      0      0      0      0      0      0      0      0      0      0      0      0      0      0      0      0      0      0      1      0      0      0      1      0      0      0      0      0      0      0      0      0      0      0      0      0      0      0      0      0      1     
0x7599f3289da0           ISETP.NE.AND P0, PT, R20, RZ, PT                         0      0      0      8192   262144 262144 32     32     0      0      0      -      -      -      0      0      0      0      0      0      0      0      -      0      0      0      0      0      0      0      0      0      0      0      0      0      0      0      0      0      0      0      0      0      0      0      0      0      0      0      0      0      0      0      0      0      0      0      0      0      0      0      0      0      0     
0x7599f3289db0     @P0   BRA 0x7599f328a5d0                                       178    124    178    8192   262144 261120 32     31     1      1      1024   -      -      -      0      0      0      0      0      0      0      0      -      0      0      0      0      0      0      177    0      0      0      0      0      0      0      0      0      0      0      0      0      0      0      0      1      123    0      0      0      0      0      0      0      0      0      0      0      0      0      0      0      0      1     
0x7599f3289dc0           LDS.128 R4, [0x20]                                       2      0      2      1024   1024   1024   1      1      30     31     0      Shared Load   128    0      1      0      1024   1024   0      0      0      -      0      0      0      0      0      0      0      0      0      0      0      0      0      0      0      0      0      0      1      1      0      0      0      0      0      0      0      0      0      0      0      0      0      0      0      0      0      0      0      0      0      0     
0x7599f3289dd0           ISETP.GT.AND P0, PT, R0, 0x20, PT                        0      0      0      1024   1024   1024   1      1      0      31     0      -      -      -      0      0      0      0      0      0      0      0      -      0      0      0      0      0      0      0      0      0      0      0      0      0      0      0      0      0      0      0      0      0      0      0      0      0      0      0      0      0      0      0      0      0      0      0      0      0      0      0      0      0      0     
0x7599f3289de0           ISETP.GT.AND P1, PT, R0, 0x40, PT                        0      0      0      1024   1024   1024   1      1      0      31     0      -      -      -      0      0      0      0      0      0      0      0      -      0      0      0      0      0      0      0      0      0      0      0      0      0      0      0      0      0      0      0      0      0      0      0      0      0      0      0      0      0      0      0      0      0      0      0      0      0      0      0      0      0      0     
0x7599f3289df0           LDS.128 R16, [0x30]                                      0      0      0      1024   1024   1024   1      1      0      31     0      Shared Load   128    0      1      0      1024   1024   0      0      0      -      0      0      0      0      0      0      0      0      0      0      0      0      0      0      0      0      0      0      0      0      0      0      0      0      0      0      0      0      0      0      0      0      0      0      0      0      0      0      0      0      0      0     
0x7599f3289e00           ISETP.GT.AND P2, PT, R0, 0x60, PT                        0      0      0      1024   1024   1024   1      1      0      31     0      -      -      -      0      0      0      0      0      0      0      0      -      0      0      0      0      0      0      0      0      0      0      0      0      0      0      0      0      0      0      0      0      0      0      0      0      0      0      0      0      0      0      0      0      0      0      0      0      0      0      0      0      0      0     
0x7599f3289e10           ISETP.GT.AND P3, PT, R0, 0x80, PT                        0      0      0      1024   1024   1024   1      1      0      31     0      -      -      -      0      0      0      0      0      0      0      0      -      0      0      0      0      0      0      0      0      0      0      0      0      0      0      0      0      0      0      0      0      0      0      0      0      0      0      0      0      0      0      0      0      0      0      0      0      0      0      0      0      0      0     
0x7599f3289e20           LDS.128 R8, [0x40]                                       0      0      0      1024   1024   1024   1      1      0      31     0      Shared Load   128    0      1      0      1024   1024   0      0      0      -      0      0      0      0      0      0      0      0      0      0      0      0      0      0      0      0      0      0      0      0      0      0      0      0      0      0      0      0      0      0      0      0      0      0      0      0      0      0      0      0      0      0     
0x7599f3289e30           ISETP.GT.AND P4, PT, R0, 0x120, PT                       0      0      0      1024   1024   1024   1      1      0      31     0      -      -      -      0      0      0      0      0      0      0      0      -      0      0      0      0      0      0      0      0      0      0      0      0      0      0      0      0      0      0      0      0      0      0      0      0      0      0      0      0      0      0      0      0      0      0      0      0      0      0      0      0      0      0     
0x7599f3289e40           LDS.128 R12, [0x50]                                      0      0      0      1024   1024   1024   1      1      0      31     0      Shared Load   128    0      1      0      1024   1024   0      0      0      -      0      0      0      0      0      0      0      0      0      0      0      0      0      0      0      0      0      0      0      0      0      0      0      0      0      0      0      0      0      0      0      0      0      0      0      0      0      0      0      0      0      0     
0x7599f3289e50     @P0   FADD R22, R22, R5                                        0      0      0      1024   1024   1024   1      1      0      31     0      -      -      -      0      0      0      0      0      0      0      0      -      0      0      0      0      0      0      0      0      0      0      0      0      0      0      0      0      0      0      0      0      0      0      0      0      0      0      0      0      0      0      0      0      0      0      0      0      0      0      0      0      0      0     
0x7599f3289e60           ISETP.GT.AND P0, PT, R0, 0xa0, PT                        0      0      0      1024   1024   1024   1      1      0      31     0      -      -      -      0      0      0      0      0      0      0      0      -      0      0      0      0      0      0      0      0      0      0      0      0      0      0      0      0      0      0      0      0      0      0      0      0      0      0      0      0      0      0      0      0      0      0      0      0      0      0      0      0      0      0     
0x7599f3289e70     @P1   FADD R22, R22, R6                                        0      0      0      1024   1024   1024   1      1      0      31     0      -      -      -      0      0      0      0      0      0      0      0      -      0      0      0      0      0      0      0      0      0      0      0      0      0      0      0      0      0      0      0      0      0      0      0      0      0      0      0      0      0      0      0      0      0      0      0      0      0      0      0      0      0      0     
0x7599f3289e80           ISETP.GT.AND P1, PT, R0, 0xc0, PT                        0      0      0      1024   1024   1024   1      1      0      31     0      -      -      -      0      0      0      0      0      0      0      0      -      0      0      0      0      0      0      0      0      0      0      0      0      0      0      0      0      0      0      0      0      0      0      0      0      0      0      0      0      0      0      0      0      0      0      0      0      0      0      0      0      0      0     
0x7599f3289e90     @P2   FADD R22, R22, R7                                        0      0      0      1024   1024   1024   1      1      0      31     0      -      -      -      0      0      0      0      0      0      0      0      -      0      0      0      0      0      0      0      0      0      0      0      0      0      0      0      0      0      0      0      0      0      0      0      0      0      0      0      0      0      0      0      0      0      0      0      0      0      0      0      0      0      0     
0x7599f3289ea0           ISETP.GT.AND P2, PT, R0, 0xe0, PT                        0      0      0      1024   1024   1024   1      1      0      31     0      -      -      -      0      0      0      0      0      0      0      0      -      0      0      0      0      0      0      0      0      0      0      0      0      0      0      0      0      0      0      0      0      0      0      0      0      0      0      0      0      0      0      0      0      0      0      0      0      0      0      0      0      0      0     
0x7599f3289eb0           LDS.128 R4, [0x60]                                       0      0      0      1024   1024   1024   1      1      0      31     0      Shared Load   128    0      1      0      1024   1024   0      0      0      -      0      0      0      0      0      0      0      0      0      0      0      0      0      0      0      0      0      0      0      0      0      0      0      0      0      0      0      0      0      0      0      0      0      0      0      0      0      0      0      0      0      0     
0x7599f3289ec0     @P3   FADD R22, R22, R16                                       0      0      0      1024   1024   1024   1      1      0      31     0      -      -      -      0      0      0      0      0      0      0      0      -      0      0      0      0      0      0      0      0      0      0      0      0      0      0      0      0      0      0      0      0      0      0      0      0      0      0      0      0      0      0      0      0      0      0      0      0      0      0      0      0      0      0     
0x7599f3289ed0           ISETP.GT.AND P3, PT, R0, 0x100, PT                       0      0      0      1024   1024   1024   1      1      0      31     0      -      -      -      0      0      0      0      0      0      0      0      -      0      0      0      0      0      0      0      0      0      0      0      0      0      0      0      0      0      0      0      0      0      0      0      0      0      0      0      0      0      0      0      0      0      0      0      0      0      0      0      0      0      0     
0x7599f3289ee0     @P0   FADD R22, R22, R17                                       1      0      1      1024   1024   1024   1      1      0      31     0      -      -      -      0      0      0      0      0      0      0      0      -      0      0      0      0      0      0      0      0      0      0      0      0      0      0      0      0      0      0      0      0      0      0      0      1      0      0      0      0      0      0      0      0      0      0      0      0      0      0      0      0      0      0     
0x7599f3289ef0           ISETP.GT.AND P0, PT, R0, 0x140, PT                       0      0      0      1024   1024   1024   1      1      0      31     0      -      -      -      0      0      0      0      0      0      0      0      -      0      0      0      0      0      0      0      0      0      0      0      0      0      0      0      0      0      0      0      0      0      0      0      0      0      0      0      0      0      0      0      0      0      0      0      0      0      0      0      0      0      0     
0x7599f3289f00     @P1   FADD R22, R22, R18                                       0      0      0      1024   1024   1024   1      1      0      31     0      -      -      -      0      0      0      0      0      0      0      0      -      0      0      0      0      0      0      0      0      0      0      0      0      0      0      0      0      0      0      0      0      0      0      0      0      0      0      0      0      0      0      0      0      0      0      0      0      0      0      0      0      0      0     
0x7599f3289f10           ISETP.GT.AND P1, PT, R0, 0x160, PT                       0      0      0      1024   1024   1024   1      1      0      31     0      -      -      -      0      0      0      0      0      0      0      0      -      0      0      0      0      0      0      0      0      0      0      0      0      0      0      0      0      0      0      0      0      0      0      0      0      0      0      0      0      0      0      0      0      0      0      0      0      0      0      0      0      0      0     
0x7599f3289f20     @P2   FADD R22, R22, R19                                       0      0      0      1024   1024   1024   1      1      0      31     0      -      -      -      0      0      0      0      0      0      0      0      -      0      0      0      0      0      0      0      0      0      0      0      0      0      0      0      0      0      0      0      0      0      0      0      0      0      0      0      0      0      0      0      0      0      0      0      0      0      0      0      0      0      0     
0x7599f3289f30           ISETP.GT.AND P2, PT, R0, 0x180, PT                       0      0      0      1024   1024   1024   1      1      0      31     0      -      -      -      0      0      0      0      0      0      0      0      -      0      0      0      0      0      0      0      0      0      0      0      0      0      0      0      0      0      0      0      0      0      0      0      0      0      0      0      0      0      0      0      0      0      0      0      0      0      0      0      0      0      0     
0x7599f3289f40           LDS.128 R16, [0x70]                                      0      0      0      1024   1024   1024   1      1      0      31     0      Shared Load   128    0      1      0      1024   1024   0      0      0      -      0      0      0      0      0      0      0      0      0      0      0      0      0      0      0      0      0      0      0      0      0      0      0      0      0      0      0      0      0      0      0      0      0      0      0      0      0      0      0      0      0      0     
0x7599f3289f50     @P3   FADD R22, R22, R8                                        0      0      0      1024   1024   0      1      0      1      32     0      -      -      -      0      0      0      0      0      0      0      0      -      0      0      0      0      0      0      0      0      0      0      0      0      0      0      0      0      0      0      0      0      0      0      0      0      0      0      0      0      0      0      0      0      0      0      0      0      0      0      0      0      0      0     
0x7599f3289f60           ISETP.GT.AND P3, PT, R0, 0x1a0, PT                       0      0      0      1024   1024   1024   1      1      1      31     0      -      -      -      0      0      0      0      0      0      0      0      -      0      0      0      0      0      0      0      0      0      0      0      0      0      0      0      0      0      0      0      0      0      0      0      0      0      0      0      0      0      0      0      0      0      0      0      0      0      0      0      0      0      0     
0x7599f3289f70     @P4   FADD R22, R22, R9                                        1      0      1      1024   1024   0      1      0      1      32     0      -      -      -      0      0      0      0      0      0      0      0      -      0      0      0      0      0      0      0      0      0      0      0      0      0      0      0      0      0      0      0      1      0      0      0      0      0      0      0      0      0      0      0      0      0      0      0      0      0      0      0      0      0      0     
0x7599f3289f80     @P0   FADD R22, R22, R10                                       0      0      0      1024   1024   0      1      0      0      32     0      -      -      -      0      0      0      0      0      0      0      0      -      0      0      0      0      0      0      0      0      0      0      0      0      0      0      0      0      0      0      0      0      0      0      0      0      0      0      0      0      0      0      0      0      0      0      0      0      0      0      0      0      0      0     
0x7599f3289f90           ISETP.GT.AND P0, PT, R0, 0x1c0, PT                       0      0      0      1024   1024   1024   1      1      1      31     0      -      -      -      0      0      0      0      0      0      0      0      -      0      0      0      0      0      0      0      0      0      0      0      0      0      0      0      0      0      0      0      0      0      0      0      0      0      0      0      0      0      0      0      0      0      0      0      0      0      0      0      0      0      0     
0x7599f3289fa0     @P1   FADD R22, R22, R11                                       0      0      0      1024   1024   0      1      0      1      32     0      -      -      -      0      0      0      0      0      0      0      0      -      0      0      0      0      0      0      0      0      0      0      0      0      0      0      0      0      0      0      0      0      0      0      0      0      0      0      0      0      0      0      0      0      0      0      0      0      0      0      0      0      0      0     
0x7599f3289fb0           ISETP.GT.AND P1, PT, R0, 0x1e0, PT                       0      0      0      1024   1024   1024   1      1      1      31     0      -      -      -      0      0      0      0      0      0      0      0      -      0      0      0      0      0      0      0      0      0      0      0      0      0      0      0      0      0      0      0      0      0      0      0      0      0      0      0      0      0      0      0      0      0      0      0      0      0      0      0      0      0      0     
0x7599f3289fc0           LDS.128 R8, [0x80]                                       0      0      0      1024   1024   1024   1      1      0      31     0      Shared Load   128    0      1      0      1024   1024   0      0      0      -      0      0      0      0      0      0      0      0      0      0      0      0      0      0      0      0      0      0      0      0      0      0      0      0      0      0      0      0      0      0      0      0      0      0      0      0      0      0      0      0      0      0     
0x7599f3289fd0     @P2   FADD R22, R22, R12                                       0      0      0      1024   1024   0      1      0      1      32     0      -      -      -      0      0      0      0      0      0      0      0      -      0      0      0      0      0      0      0      0      0      0      0      0      0      0      0      0      0      0      0      0      0      0      0      0      0      0      0      0      0      0      0      0      0      0      0      0      0      0      0      0      0      0     
0x7599f3289fe0           ISETP.GT.AND P2, PT, R0, 0x200, PT                       0      0      0      1024   1024   1024   1      1      1      31     0      -      -      -      0      0      0      0      0      0      0      0      -      0      0      0      0      0      0      0      0      0      0      0      0      0      0      0      0      0      0      0      0      0      0      0      0      0      0      0      0      0      0      0      0      0      0      0      0      0      0      0      0      0      0     
0x7599f3289ff0     @P3   FADD R22, R22, R13                                       0      0      0      1024   1024   0      1      0      1      32     0      -      -      -      0      0      0      0      0      0      0      0      -      0      0      0      0      0      0      0      0      0      0      0      0      0      0      0      0      0      0      0      0      0      0      0      0      0      0      0      0      0      0      0      0      0      0      0      0      0      0      0      0      0      0     
0x7599f328a000           ISETP.GT.AND P3, PT, R0, 0x220, PT                       0      0      0      1024   1024   1024   1      1      1      31     0      -      -      -      0      0      0      0      0      0      0      0      -      0      0      0      0      0      0      0      0      0      0      0      0      0      0      0      0      0      0      0      0      0      0      0      0      0      0      0      0      0      0      0      0      0      0      0      0      0      0      0      0      0      0     
0x7599f328a010     @P0   FADD R22, R22, R14                                       0      0      0      1024   1024   0      1      0      1      32     0      -      -      -      0      0      0      0      0      0      0      0      -      0      0      0      0      0      0      0      0      0      0      0      0      0      0      0      0      0      0      0      0      0      0      0      0      0      0      0      0      0      0      0      0      0      0      0      0      0      0      0      0      0      0     
0x7599f328a020           ISETP.GT.AND P0, PT, R0, 0x240, PT                       0      0      0      1024   1024   1024   1      1      1      31     0      -      -      -      0      0      0      0      0      0      0      0      -      0      0      0      0      0      0      0      0      0      0      0      0      0      0      0      0      0      0      0      0      0      0      0      0      0      0      0      0      0      0      0      0      0      0      0      0      0      0      0      0      0      0     
0x7599f328a030     @P1   FADD R22, R22, R15                                       0      0      0      1024   1024   0      1      0      1      32     0      -      -      -      0      0      0      0      0      0      0      0      -      0      0      0      0      0      0      0      0      0      0      0      0      0      0      0      0      0      0      0      0      0      0      0      0      0      0      0      0      0      0      0      0      0      0      0      0      0      0      0      0      0      0     
0x7599f328a040           ISETP.GT.AND P1, PT, R0, 0x2c0, PT                       0      0      0      1024   1024   1024   1      1      1      31     0      -      -      -      0      0      0      0      0      0      0      0      -      0      0      0      0      0      0      0      0      0      0      0      0      0      0      0      0      0      0      0      0      0      0      0      0      0      0      0      0      0      0      0      0      0      0      0      0      0      0      0      0      0      0     
0x7599f328a050           LDS.128 R12, [0x90]                                      0      0      0      1024   1024   1024   1      1      0      31     0      Shared Load   128    0      1      0      1024   1024   0      0      0      -      0      0      0      0      0      0      0      0      0      0      0      0      0      0      0      0      0      0      0      0      0      0      0      0      0      0      0      0      0      0      0      0      0      0      0      0      0      0      0      0      0      0     
0x7599f328a060     @P2   FADD R22, R22, R4                                        0      0      0      1024   1024   0      1      0      1      32     0      -      -      -      0      0      0      0      0      0      0      0      -      0      0      0      0      0      0      0      0      0      0      0      0      0      0      0      0      0      0      0      0      0      0      0      0      0      0      0      0      0      0      0      0      0      0      0      0      0      0      0      0      0      0     
0x7599f328a070           ISETP.GT.AND P2, PT, R0, 0x260, PT                       0      0      0      1024   1024   1024   1      1      1      31     0      -      -      -      0      0      0      0      0      0      0      0      -      0      0      0      0      0      0      0      0      0      0      0      0      0      0      0      0      0      0      0      0      0      0      0      0      0      0      0      0      0      0      0      0      0      0      0      0      0      0      0      0      0      0     
0x7599f328a080     @P3   FADD R22, R22, R5                                        0      0      0      1024   1024   0      1      0      1      32     0      -      -      -      0      0      0      0      0      0      0      0      -      0      0      0      0      0      0      0      0      0      0      0      0      0      0      0      0      0      0      0      0      0      0      0      0      0      0      0      0      0      0      0      0      0      0      0      0      0      0      0      0      0      0     
0x7599f328a090           ISETP.GT.AND P3, PT, R0, 0x280, PT                       0      0      0      1024   1024   1024   1      1      1      31     0      -      -      -      0      0      0      0      0      0      0      0      -      0      0      0      0      0      0      0      0      0      0      0      0      0      0      0      0      0      0      0      0      0      0      0      0      0      0      0      0      0      0      0      0      0      0      0      0      0      0      0      0      0      0     
0x7599f328a0a0     @P0   FADD R22, R22, R6                                        0      0      0      1024   1024   0      1      0      1      32     0      -      -      -      0      0      0      0      0      0      0      0      -      0      0      0      0      0      0      0      0      0      0      0      0      0      0      0      0      0      0      0      0      0      0      0      0      0      0      0      0      0      0      0      0      0      0      0      0      0      0      0      0      0      0     
0x7599f328a0b0           ISETP.GT.AND P0, PT, R0, 0x2a0, PT                       0      0      0      1024   1024   1024   1      1      1      31     0      -      -      -      0      0      0      0      0      0      0      0      -      0      0      0      0      0      0      0      0      0      0      0      0      0      0      0      0      0      0      0      0      0      0      0      0      0      0      0      0      0      0      0      0      0      0      0      0      0      0      0      0      0      0     
0x7599f328a0c0     @P2   FADD R22, R22, R7                                        0      0      0      1024   1024   0      1      0      1      32     0      -      -      -      0      0      0      0      0      0      0      0      -      0      0      0      0      0      0      0      0      0      0      0      0      0      0      0      0      0      0      0      0      0      0      0      0      0      0      0      0      0      0      0      0      0      0      0      0      0      0      0      0      0      0     
0x7599f328a0d0           ISETP.GT.AND P2, PT, R0, 0x2e0, PT                       0      0      0      1024   1024   1024   1      1      1      31     0      -      -      -      0      0      0      0      0      0      0      0      -      0      0      0      0      0      0      0      0      0      0      0      0      0      0      0      0      0      0      0      0      0      0      0      0      0      0      0      0      0      0      0      0      0      0      0      0      0      0      0      0      0      0     
0x7599f328a0e0     @P3   FADD R22, R22, R16                                       0      0      0      1024   1024   0      1      0      1      32     0      -      -      -      0      0      0      0      0      0      0      0      -      0      0      0      0      0      0      0      0      0      0      0      0      0      0      0      0      0      0      0      0      0      0      0      0      0      0      0      0      0      0      0      0      0      0      0      0      0      0      0      0      0      0     
0x7599f328a0f0           ISETP.GT.AND P3, PT, R0, 0x300, PT                       0      0      0      1024   1024   1024   1      1      1      31     0      -      -      -      0      0      0      0      0      0      0      0      -      0      0      0      0      0      0      0      0      0      0      0      0      0      0      0      0      0      0      0      0      0      0      0      0      0      0      0      0      0      0      0      0      0      0      0      0      0      0      0      0      0      0     
0x7599f328a100     @P0   FADD R22, R22, R17                                       0      0      0      1024   1024   0      1      0      1      32     0      -      -      -      0      0      0      0      0      0      0      0      -      0      0      0      0      0      0      0      0      0      0      0      0      0      0      0      0      0      0      0      0      0      0      0      0      0      0      0      0      0      0      0      0      0      0      0      0      0      0      0      0      0      0     
0x7599f328a110           ISETP.GT.AND P0, PT, R0, 0x320, PT                       0      0      0      1024   1024   1024   1      1      1      31     0      -      -      -      0      0      0      0      0      0      0      0      -      0      0      0      0      0      0      0      0      0      0      0      0      0      0      0      0      0      0      0      0      0      0      0      0      0      0      0      0      0      0      0      0      0      0      0      0      0      0      0      0      0      0     
0x7599f328a120     @P1   FADD R22, R22, R18                                       0      0      0      1024   1024   0      1      0      1      32     0      -      -      -      0      0      0      0      0      0      0      0      -      0      0      0      0      0      0      0      0      0      0      0      0      0      0      0      0      0      0      0      0      0      0      0      0      0      0      0      0      0      0      0      0      0      0      0      0      0      0      0      0      0      0     
0x7599f328a130           ISETP.GT.AND P1, PT, R0, 0x340, PT                       0      0      0      1024   1024   1024   1      1      1      31     0      -      -      -      0      0      0      0      0      0      0      0      -      0      0      0      0      0      0      0      0      0      0      0      0      0      0      0      0      0      0      0      0      0      0      0      0      0      0      0      0      0      0      0      0      0      0      0      0      0      0      0      0      0      0     
0x7599f328a140     @P2   FADD R22, R22, R19                                       0      0      0      1024   1024   0      1      0      1      32     0      -      -      -      0      0      0      0      0      0      0      0      -      0      0      0      0      0      0      0      0      0      0      0      0      0      0      0      0      0      0      0      0      0      0      0      0      0      0      0      0      0      0      0      0      0      0      0      0      0      0      0      0      0      0     
0x7599f328a150           ISETP.GT.AND P2, PT, R0, 0x360, PT                       0      0      0      1024   1024   1024   1      1      1      31     0      -      -      -      0      0      0      0      0      0      0      0      -      0      0      0      0      0      0      0      0      0      0      0      0      0      0      0      0      0      0      0      0      0      0      0      0      0      0      0      0      0      0      0      0      0      0      0      0      0      0      0      0      0      0     
0x7599f328a160     @P3   FADD R22, R22, R8                                        0      0      0      1024   1024   0      1      0      1      32     0      -      -      -      0      0      0      0      0      0      0      0      -      0      0      0      0      0      0      0      0      0      0      0      0      0      0      0      0      0      0      0      0      0      0      0      0      0      0      0      0      0      0      0      0      0      0      0      0      0      0      0      0      0      0     
0x7599f328a170           ISETP.GT.AND P3, PT, R0, 0x380, PT                       0      0      0      1024   1024   1024   1      1      1      31     0      -      -      -      0      0      0      0      0      0      0      0      -      0      0      0      0      0      0      0      0      0      0      0      0      0      0      0      0      0      0      0      0      0      0      0      0      0      0      0      0      0      0      0      0      0      0      0      0      0      0      0      0      0      0     
0x7599f328a180     @P0   FADD R22, R22, R9                                        1      1      1      1024   1024   0      1      0      1      32     0      -      -      -      0      0      0      0      0      0      0      0      -      0      0      0      0      0      0      0      0      0      0      0      0      0      0      0      0      0      0      0      0      0      0      0      1      0      0      0      0      0      0      0      0      0      0      0      0      0      0      0      0      0      1     
0x7599f328a190           ISETP.GT.AND P0, PT, R0, 0x3a0, PT                       0      0      0      1024   1024   1024   1      1      1      31     0      -      -      -      0      0      0      0      0      0      0      0      -      0      0      0      0      0      0      0      0      0      0      0      0      0      0      0      0      0      0      0      0      0      0      0      0      0      0      0      0      0      0      0      0      0      0      0      0      0      0      0      0      0      0     
0x7599f328a1a0     @P1   FADD R22, R22, R10                                       0      0      0      1024   1024   0      1      0      1      32     0      -      -      -      0      0      0      0      0      0      0      0      -      0      0      0      0      0      0      0      0      0      0      0      0      0      0      0      0      0      0      0      0      0      0      0      0      0      0      0      0      0      0      0      0      0      0      0      0      0      0      0      0      0      0     
0x7599f328a1b0           ISETP.GT.AND P1, PT, R0, 0x3c0, PT                       0      0      0      1024   1024   1024   1      1      1      31     0      -      -      -      0      0      0      0      0      0      0      0      -      0      0      0      0      0      0      0      0      0      0      0      0      0      0      0      0      0      0      0      0      0      0      0      0      0      0      0      0      0      0      0      0      0      0      0      0      0      0      0      0      0      0     
0x7599f328a1c0     @P2   FADD R22, R22, R11                                       0      0      0      1024   1024   0      1      0      1      32     0      -      -      -      0      0      0      0      0      0      0      0      -      0      0      0      0      0      0      0      0      0      0      0      0      0      0      0      0      0      0      0      0      0      0      0      0      0      0      0      0      0      0      0      0      0      0      0      0      0      0      0      0      0      0     
0x7599f328a1d0           ISETP.GT.AND P2, PT, R0, 0x3e0, PT                       0      0      0      1024   1024   1024   1      1      1      31     0      -      -      -      0      0      0      0      0      0      0      0      -      0      0      0      0      0      0      0      0      0      0      0      0      0      0      0      0      0      0      0      0      0      0      0      0      0      0      0      0      0      0      0      0      0      0      0      0      0      0      0      0      0      0     
0x7599f328a1e0     @P3   FADD R22, R22, R12                                       0      0      0      1024   1024   0      1      0      1      32     0      -      -      -      0      0      0      0      0      0      0      0      -      0      0      0      0      0      0      0      0      0      0      0      0      0      0      0      0      0      0      0      0      0      0      0      0      0      0      0      0      0      0      0      0      0      0      0      0      0      0      0      0      0      0     
0x7599f328a1f0     @P0   FADD R22, R22, R13                                       0      0      0      1024   1024   0      1      0      0      32     0      -      -      -      0      0      0      0      0      0      0      0      -      0      0      0      0      0      0      0      0      0      0      0      0      0      0      0      0      0      0      0      0      0      0      0      0      0      0      0      0      0      0      0      0      0      0      0      0      0      0      0      0      0      0     
0x7599f328a200     @P1   FADD R22, R22, R14                                       0      0      0      1024   1024   0      1      0      0      32     0      -      -      -      0      0      0      0      0      0      0      0      -      0      0      0      0      0      0      0      0      0      0      0      0      0      0      0      0      0      0      0      0      0      0      0      0      0      0      0      0      0      0      0      0      0      0      0      0      0      0      0      0      0      0     
0x7599f328a210     @P2   FADD R22, R22, R15                                       0      0      0      1024   1024   0      1      0      0      32     0      -      -      -      0      0      0      0      0      0      0      0      -      0      0      0      0      0      0      0      0      0      0      0      0      0      0      0      0      0      0      0      0      0      0      0      0      0      0      0      0      0      0      0      0      0      0      0      0      0      0      0      0      0      0     
0x7599f328a220           BRA 0x7599f328a5d0                                       0      0      0      1024   1024   1024   1      1      1      31     0      -      -      -      0      0      0      0      0      0      0      0      -      0      0      0      0      0      0      0      0      0      0      0      0      0      0      0      0      0      0      0      0      0      0      0      0      0      0      0      0      0      0      0      0      0      0      0      0      0      0      0      0      0      0     
0x7599f328a230           SHFL.DOWN P0, R0, R11, 0x1, 0x1f                         0      0      0      0      0      0      0      0      1      32     0      -      -      -      0      0      0      0      0      0      0      0      -      0      0      0      0      0      0      0      0      0      0      0      0      0      0      0      0      0      0      0      0      0      0      0      0      0      0      0      0      0      0      0      0      0      0      0      0      0      0      0      0      0      0     
0x7599f328a240           S2R R6, SR_LANEID                                        0      0      0      0      0      0      0      0      0      32     0      -      -      -      0      0      0      0      0      0      0      0      -      0      0      0      0      0      0      0      0      0      0      0      0      0      0      0      0      0      0      0      0      0      0      0      0      0      0      0      0      0      0      0      0      0      0      0      0      0      0      0      0      0      0     
0x7599f328a250     @P0   FADD R0, R11, R0                                         0      0      0      0      0      0      0      0      0      32     0      -      -      -      0      0      0      0      0      0      0      0      -      0      0      0      0      0      0      0      0      0      0      0      0      0      0      0      0      0      0      0      0      0      0      0      0      0      0      0      0      0      0      0      0      0      0      0      0      0      0      0      0      0      0     
0x7599f328a260           ISETP.NE.AND P1, PT, R6, RZ, PT                          0      0      0      0      0      0      0      0      0      32     0      -      -      -      0      0      0      0      0      0      0      0      -      0      0      0      0      0      0      0      0      0      0      0      0      0      0      0      0      0      0      0      0      0      0      0      0      0      0      0      0      0      0      0      0      0      0      0      0      0      0      0      0      0      0     
0x7599f328a270           SHFL.DOWN P0, R3, R0, 0x2, 0x1f                          0      0      0      0      0      0      0      0      0      32     0      -      -      -      0      0      0      0      0      0      0      0      -      0      0      0      0      0      0      0      0      0      0      0      0      0      0      0      0      0      0      0      0      0      0      0      0      0      0      0      0      0      0      0      0      0      0      0      0      0      0      0      0      0      0     
0x7599f328a280     @!P1  SHF.R.S32.HI R7, RZ, 0x1f, R20                           0      0      0      0      0      0      0      0      0      32     0      -      -      -      0      0      0      0      0      0      0      0      -      0      0      0      0      0      0      0      0      0      0      0      0      0      0      0      0      0      0      0      0      0      0      0      0      0      0      0      0      0      0      0      0      0      0      0      0      0      0      0      0      0      0     
0x7599f328a290     @!P1  LEA.HI R7, R7, R20, RZ, 0x5                              0      0      0      0      0      0      0      0      0      32     0      -      -      -      0      0      0      0      0      0      0      0      -      0      0      0      0      0      0      0      0      0      0      0      0      0      0      0      0      0      0      0      0      0      0      0      0      0      0      0      0      0      0      0      0      0      0      0      0      0      0      0      0      0      0     
0x7599f328a2a0     @!P1  SHF.R.S32.HI R7, RZ, 0x5, R7                             0      0      0      0      0      0      0      0      0      32     0      -      -      -      0      0      0      0      0      0      0      0      -      0      0      0      0      0      0      0      0      0      0      0      0      0      0      0      0      0      0      0      0      0      0      0      0      0      0      0      0      0      0      0      0      0      0      0      0      0      0      0      0      0      0     
0x7599f328a2b0     @P0   FADD R3, R0, R3                                          0      0      0      0      0      0      0      0      0      32     0      -      -      -      0      0      0      0      0      0      0      0      -      0      0      0      0      0      0      0      0      0      0      0      0      0      0      0      0      0      0      0      0      0      0      0      0      0      0      0      0      0      0      0      0      0      0      0      0      0      0      0      0      0      0     
0x7599f328a2c0           SHFL.DOWN P0, R4, R3, 0x4, 0x1f                          0      0      0      0      0      0      0      0      0      32     0      -      -      -      0      0      0      0      0      0      0      0      -      0      0      0      0      0      0      0      0      0      0      0      0      0      0      0      0      0      0      0      0      0      0      0      0      0      0      0      0      0      0      0      0      0      0      0      0      0      0      0      0      0      0     
0x7599f328a2d0     @P0   FADD R4, R3, R4                                          0      0      0      0      0      0      0      0      0      32     0      -      -      -      0      0      0      0      0      0      0      0      -      0      0      0      0      0      0      0      0      0      0      0      0      0      0      0      0      0      0      0      0      0      0      0      0      0      0      0      0      0      0      0      0      0      0      0      0      0      0      0      0      0      0     
0x7599f328a2e0           SHFL.DOWN P0, R5, R4, 0x8, 0x1f                          0      0      0      0      0      0      0      0      0      32     0      -      -      -      0      0      0      0      0      0      0      0      -      0      0      0      0      0      0      0      0      0      0      0      0      0      0      0      0      0      0      0      0      0      0      0      0      0      0      0      0      0      0      0      0      0      0      0      0      0      0      0      0      0      0     
0x7599f328a2f0     @P0   FADD R5, R4, R5                                          0      0      0      0      0      0      0      0      0      32     0      -      -      -      0      0      0      0      0      0      0      0      -      0      0      0      0      0      0      0      0      0      0      0      0      0      0      0      0      0      0      0      0      0      0      0      0      0      0      0      0      0      0      0      0      0      0      0      0      0      0      0      0      0      0     
0x7599f328a300           SHFL.DOWN P0, R22, R5, 0x10, 0x1f                        0      0      0      0      0      0      0      0      0      32     0      -      -      -      0      0      0      0      0      0      0      0      -      0      0      0      0      0      0      0      0      0      0      0      0      0      0      0      0      0      0      0      0      0      0      0      0      0      0      0      0      0      0      0      0      0      0      0      0      0      0      0      0      0      0     
0x7599f328a310     @P0   FADD R22, R5, R22                                        0      0      0      0      0      0      0      0      0      32     0      -      -      -      0      0      0      0      0      0      0      0      -      0      0      0      0      0      0      0      0      0      0      0      0      0      0      0      0      0      0      0      0      0      0      0      0      0      0      0      0      0      0      0      0      0      0      0      0      0      0      0      0      0      0     
0x7599f328a320           ISETP.NE.AND P0, PT, R20, RZ, PT                         0      0      0      0      0      0      0      0      0      32     0      -      -      -      0      0      0      0      0      0      0      0      -      0      0      0      0      0      0      0      0      0      0      0      0      0      0      0      0      0      0      0      0      0      0      0      0      0      0      0      0      0      0      0      0      0      0      0      0      0      0      0      0      0      0     
0x7599f328a330     @!P1  STS [R7.X4+0x20], R22                                    0      0      0      0      0      0      0      0      0      32     0                           0      0      0      0      0      0      0      0      -      0      0      0      0      0      0      0      0      0      0      0      0      0      0      0      0      0      0      0      0      0      0      0      0      0      0      0      0      0      0      0      0      0      0      0      0      0      0      0      0      0      0     
0x7599f328a340           BAR.SYNC.DEFER_BLOCKING 0x0                              0      0      0      0      0      0      0      0      0      32     0      -      -      -      0      0      0      0      0      0      0      0      -      0      0      0      0      0      0      0      0      0      0      0      0      0      0      0      0      0      0      0      0      0      0      0      0      0      0      0      0      0      0      0      0      0      0      0      0      0      0      0      0      0      0     
0x7599f328a350     @P0   BRA 0x7599f328a5d0                                       0      0      0      0      0      0      0      0      0      32     0      -      -      -      0      0      0      0      0      0      0      0      -      0      0      0      0      0      0      0      0      0      0      0      0      0      0      0      0      0      0      0      0      0      0      0      0      0      0      0      0      0      0      0      0      0      0      0      0      0      0      0      0      0      0     
0x7599f328a360           LDS.128 R16, [0x20]                                      0      0      0      0      0      0      0      0      0      32     0                           0      0      0      0      0      0      0      0      -      0      0      0      0      0      0      0      0      0      0      0      0      0      0      0      0      0      0      0      0      0      0      0      0      0      0      0      0      0      0      0      0      0      0      0      0      0      0      0      0      0      0     
0x7599f328a370           LDS.128 R12, [0x30]                                      0      0      0      0      0      0      0      0      0      32     0                           0      0      0      0      0      0      0      0      -      0      0      0      0      0      0      0      0      0      0      0      0      0      0      0      0      0      0      0      0      0      0      0      0      0      0      0      0      0      0      0      0      0      0      0      0      0      0      0      0      0      0     
0x7599f328a380           LDS.128 R4, [0x40]                                       0      0      0      0      0      0      0      0      0      32     0                           0      0      0      0      0      0      0      0      -      0      0      0      0      0      0      0      0      0      0      0      0      0      0      0      0      0      0      0      0      0      0      0      0      0      0      0      0      0      0      0      0      0      0      0      0      0      0      0      0      0      0     
0x7599f328a390           LDS.128 R8, [0x50]                                       0      0      0      0      0      0      0      0      0      32     0                           0      0      0      0      0      0      0      0      -      0      0      0      0      0      0      0      0      0      0      0      0      0      0      0      0      0      0      0      0      0      0      0      0      0      0      0      0      0      0      0      0      0      0      0      0      0      0      0      0      0      0     
0x7599f328a3a0           FADD R17, R22, R17                                       0      0      0      0      0      0      0      0      0      32     0      -      -      -      0      0      0      0      0      0      0      0      -      0      0      0      0      0      0      0      0      0      0      0      0      0      0      0      0      0      0      0      0      0      0      0      0      0      0      0      0      0      0      0      0      0      0      0      0      0      0      0      0      0      0     
0x7599f328a3b0           FADD R18, R17, R18                                       0      0      0      0      0      0      0      0      0      32     0      -      -      -      0      0      0      0      0      0      0      0      -      0      0      0      0      0      0      0      0      0      0      0      0      0      0      0      0      0      0      0      0      0      0      0      0      0      0      0      0      0      0      0      0      0      0      0      0      0      0      0      0      0      0     
0x7599f328a3c0           FADD R19, R18, R19                                       0      0      0      0      0      0      0      0      0      32     0      -      -      -      0      0      0      0      0      0      0      0      -      0      0      0      0      0      0      0      0      0      0      0      0      0      0      0      0      0      0      0      0      0      0      0      0      0      0      0      0      0      0      0      0      0      0      0      0      0      0      0      0      0      0     
0x7599f328a3d0           FADD R12, R19, R12                                       0      0      0      0      0      0      0      0      0      32     0      -      -      -      0      0      0      0      0      0      0      0      -      0      0      0      0      0      0      0      0      0      0      0      0      0      0      0      0      0      0      0      0      0      0      0      0      0      0      0      0      0      0      0      0      0      0      0      0      0      0      0      0      0      0     
0x7599f328a3e0           LDS.128 R16, [0x60]                                      0      0      0      0      0      0      0      0      0      32     0                           0      0      0      0      0      0      0      0      -      0      0      0      0      0      0      0      0      0      0      0      0      0      0      0      0      0      0      0      0      0      0      0      0      0      0      0      0      0      0      0      0      0      0      0      0      0      0      0      0      0      0     
0x7599f328a3f0           FADD R13, R12, R13                                       0      0      0      0      0      0      0      0      0      32     0      -      -      -      0      0      0      0      0      0      0      0      -      0      0      0      0      0      0      0      0      0      0      0      0      0      0      0      0      0      0      0      0      0      0      0      0      0      0      0      0      0      0      0      0      0      0      0      0      0      0      0      0      0      0     
0x7599f328a400           FADD R14, R13, R14                                       0      0      0      0      0      0      0      0      0      32     0      -      -      -      0      0      0      0      0      0      0      0      -      0      0      0      0      0      0      0      0      0      0      0      0      0      0      0      0      0      0      0      0      0      0      0      0      0      0      0      0      0      0      0      0      0      0      0      0      0      0      0      0      0      0     
0x7599f328a410           FADD R15, R14, R15                                       0      0      0      0      0      0      0      0      0      32     0      -      -      -      0      0      0      0      0      0      0      0      -      0      0      0      0      0      0      0      0      0      0      0      0      0      0      0      0      0      0      0      0      0      0      0      0      0      0      0      0      0      0      0      0      0      0      0      0      0      0      0      0      0      0     
0x7599f328a420           FADD R4, R15, R4                                         0      0      0      0      0      0      0      0      0      32     0      -      -      -      0      0      0      0      0      0      0      0      -      0      0      0      0      0      0      0      0      0      0      0      0      0      0      0      0      0      0      0      0      0      0      0      0      0      0      0      0      0      0      0      0      0      0      0      0      0      0      0      0      0      0     
0x7599f328a430           LDS.128 R12, [0x70]                                      0      0      0      0      0      0      0      0      0      32     0                           0      0      0      0      0      0      0      0      -      0      0      0      0      0      0      0      0      0      0      0      0      0      0      0      0      0      0      0      0      0      0      0      0      0      0      0      0      0      0      0      0      0      0      0      0      0      0      0      0      0      0     
0x7599f328a440           FADD R5, R4, R5                                          0      0      0      0      0      0      0      0      0      32     0      -      -      -      0      0      0      0      0      0      0      0      -      0      0      0      0      0      0      0      0      0      0      0      0      0      0      0      0      0      0      0      0      0      0      0      0      0      0      0      0      0      0      0      0      0      0      0      0      0      0      0      0      0      0     
0x7599f328a450           FADD R6, R5, R6                                          0      0      0      0      0      0      0      0      0      32     0      -      -      -      0      0      0      0      0      0      0      0      -      0      0      0      0      0      0      0      0      0      0      0      0      0      0      0      0      0      0      0      0      0      0      0      0      0      0      0      0      0      0      0      0      0      0      0      0      0      0      0      0      0      0     
0x7599f328a460           FADD R7, R6, R7                                          0      0      0      0      0      0      0      0      0      32     0      -      -      -      0      0      0      0      0      0      0      0      -      0      0      0      0      0      0      0      0      0      0      0      0      0      0      0      0      0      0      0      0      0      0      0      0      0      0      0      0      0      0      0      0      0      0      0      0      0      0      0      0      0      0     
0x7599f328a470           FADD R8, R7, R8                                          0      0      0      0      0      0      0      0      0      32     0      -      -      -      0      0      0      0      0      0      0      0      -      0      0      0      0      0      0      0      0      0      0      0      0      0      0      0      0      0      0      0      0      0      0      0      0      0      0      0      0      0      0      0      0      0      0      0      0      0      0      0      0      0      0     
0x7599f328a480           LDS.128 R4, [0x80]                                       0      0      0      0      0      0      0      0      0      32     0                           0      0      0      0      0      0      0      0      -      0      0      0      0      0      0      0      0      0      0      0      0      0      0      0      0      0      0      0      0      0      0      0      0      0      0      0      0      0      0      0      0      0      0      0      0      0      0      0      0      0      0     
0x7599f328a490           FADD R9, R8, R9                                          0      0      0      0      0      0      0      0      0      32     0      -      -      -      0      0      0      0      0      0      0      0      -      0      0      0      0      0      0      0      0      0      0      0      0      0      0      0      0      0      0      0      0      0      0      0      0      0      0      0      0      0      0      0      0      0      0      0      0      0      0      0      0      0      0     
0x7599f328a4a0           FADD R10, R9, R10                                        0      0      0      0      0      0      0      0      0      32     0      -      -      -      0      0      0      0      0      0      0      0      -      0      0      0      0      0      0      0      0      0      0      0      0      0      0      0      0      0      0      0      0      0      0      0      0      0      0      0      0      0      0      0      0      0      0      0      0      0      0      0      0      0      0     
0x7599f328a4b0           FADD R11, R10, R11                                       0      0      0      0      0      0      0      0      0      32     0      -      -      -      0      0      0      0      0      0      0      0      -      0      0      0      0      0      0      0      0      0      0      0      0      0      0      0      0      0      0      0      0      0      0      0      0      0      0      0      0      0      0      0      0      0      0      0      0      0      0      0      0      0      0     
0x7599f328a4c0           FADD R16, R11, R16                                       0      0      0      0      0      0      0      0      0      32     0      -      -      -      0      0      0      0      0      0      0      0      -      0      0      0      0      0      0      0      0      0      0      0      0      0      0      0      0      0      0      0      0      0      0      0      0      0      0      0      0      0      0      0      0      0      0      0      0      0      0      0      0      0      0     
0x7599f328a4d0           LDS.128 R8, [0x90]                                       0      0      0      0      0      0      0      0      0      32     0                           0      0      0      0      0      0      0      0      -      0      0      0      0      0      0      0      0      0      0      0      0      0      0      0      0      0      0      0      0      0      0      0      0      0      0      0      0      0      0      0      0      0      0      0      0      0      0      0      0      0      0     
0x7599f328a4e0           FADD R17, R16, R17                                       0      0      0      0      0      0      0      0      0      32     0      -      -      -      0      0      0      0      0      0      0      0      -      0      0      0      0      0      0      0      0      0      0      0      0      0      0      0      0      0      0      0      0      0      0      0      0      0      0      0      0      0      0      0      0      0      0      0      0      0      0      0      0      0      0     
0x7599f328a4f0           FADD R18, R17, R18                                       0      0      0      0      0      0      0      0      0      32     0      -      -      -      0      0      0      0      0      0      0      0      -      0      0      0      0      0      0      0      0      0      0      0      0      0      0      0      0      0      0      0      0      0      0      0      0      0      0      0      0      0      0      0      0      0      0      0      0      0      0      0      0      0      0     
0x7599f328a500           FADD R19, R18, R19                                       0      0      0      0      0      0      0      0      0      32     0      -      -      -      0      0      0      0      0      0      0      0      -      0      0      0      0      0      0      0      0      0      0      0      0      0      0      0      0      0      0      0      0      0      0      0      0      0      0      0      0      0      0      0      0      0      0      0      0      0      0      0      0      0      0     
0x7599f328a510           FADD R12, R19, R12                                       0      0      0      0      0      0      0      0      0      32     0      -      -      -      0      0      0      0      0      0      0      0      -      0      0      0      0      0      0      0      0      0      0      0      0      0      0      0      0      0      0      0      0      0      0      0      0      0      0      0      0      0      0      0      0      0      0      0      0      0      0      0      0      0      0     
0x7599f328a520           FADD R13, R12, R13                                       0      0      0      0      0      0      0      0      0      32     0      -      -      -      0      0      0      0      0      0      0      0      -      0      0      0      0      0      0      0      0      0      0      0      0      0      0      0      0      0      0      0      0      0      0      0      0      0      0      0      0      0      0      0      0      0      0      0      0      0      0      0      0      0      0     
0x7599f328a530           FADD R14, R13, R14                                       0      0      0      0      0      0      0      0      0      32     0      -      -      -      0      0      0      0      0      0      0      0      -      0      0      0      0      0      0      0      0      0      0      0      0      0      0      0      0      0      0      0      0      0      0      0      0      0      0      0      0      0      0      0      0      0      0      0      0      0      0      0      0      0      0     
0x7599f328a540           FADD R15, R14, R15                                       0      0      0      0      0      0      0      0      0      32     0      -      -      -      0      0      0      0      0      0      0      0      -      0      0      0      0      0      0      0      0      0      0      0      0      0      0      0      0      0      0      0      0      0      0      0      0      0      0      0      0      0      0      0      0      0      0      0      0      0      0      0      0      0      0     
0x7599f328a550           FADD R4, R15, R4                                         0      0      0      0      0      0      0      0      0      32     0      -      -      -      0      0      0      0      0      0      0      0      -      0      0      0      0      0      0      0      0      0      0      0      0      0      0      0      0      0      0      0      0      0      0      0      0      0      0      0      0      0      0      0      0      0      0      0      0      0      0      0      0      0      0     
0x7599f328a560           FADD R5, R4, R5                                          0      0      0      0      0      0      0      0      0      32     0      -      -      -      0      0      0      0      0      0      0      0      -      0      0      0      0      0      0      0      0      0      0      0      0      0      0      0      0      0      0      0      0      0      0      0      0      0      0      0      0      0      0      0      0      0      0      0      0      0      0      0      0      0      0     
0x7599f328a570           FADD R6, R5, R6                                          0      0      0      0      0      0      0      0      0      32     0      -      -      -      0      0      0      0      0      0      0      0      -      0      0      0      0      0      0      0      0      0      0      0      0      0      0      0      0      0      0      0      0      0      0      0      0      0      0      0      0      0      0      0      0      0      0      0      0      0      0      0      0      0      0     
0x7599f328a580           FADD R7, R6, R7                                          0      0      0      0      0      0      0      0      0      32     0      -      -      -      0      0      0      0      0      0      0      0      -      0      0      0      0      0      0      0      0      0      0      0      0      0      0      0      0      0      0      0      0      0      0      0      0      0      0      0      0      0      0      0      0      0      0      0      0      0      0      0      0      0      0     
0x7599f328a590           FADD R8, R7, R8                                          0      0      0      0      0      0      0      0      0      32     0      -      -      -      0      0      0      0      0      0      0      0      -      0      0      0      0      0      0      0      0      0      0      0      0      0      0      0      0      0      0      0      0      0      0      0      0      0      0      0      0      0      0      0      0      0      0      0      0      0      0      0      0      0      0     
0x7599f328a5a0           FADD R9, R8, R9                                          0      0      0      0      0      0      0      0      0      32     0      -      -      -      0      0      0      0      0      0      0      0      -      0      0      0      0      0      0      0      0      0      0      0      0      0      0      0      0      0      0      0      0      0      0      0      0      0      0      0      0      0      0      0      0      0      0      0      0      0      0      0      0      0      0     
0x7599f328a5b0           FADD R10, R9, R10                                        0      0      0      0      0      0      0      0      0      32     0      -      -      -      0      0      0      0      0      0      0      0      -      0      0      0      0      0      0      0      0      0      0      0      0      0      0      0      0      0      0      0      0      0      0      0      0      0      0      0      0      0      0      0      0      0      0      0      0      0      0      0      0      0      0     
0x7599f328a5c0           FADD R22, R10, R11                                       0      0      0      0      0      0      0      0      0      32     0      -      -      -      0      0      0      0      0      0      0      0      -      0      0      0      0      0      0      0      0      0      0      0      0      0      0      0      0      0      0      0      0      0      0      0      0      0      0      0      0      0      0      0      0      0      0      0      0      0      0      0      0      0      0     
0x7599f328a5d0           BSYNC B0                                                 0      0      0      9216   262144 262144 28     28     28     4      0      -      -      -      0      0      0      0      0      0      0      0      -      0      0      0      0      0      0      0      0      0      0      0      0      0      0      0      0      0      0      0      0      0      0      0      0      0      0      0      0      0      0      0      0      0      0      0      0      0      0      0      0      0      0     
0x7599f328a5e0           ISETP.NE.AND P3, PT, R20, RZ, PT                         1      0      1      8192   262144 262144 32     32     4      0      0      -      -      -      0      0      0      0      0      0      0      0      -      0      0      0      0      0      0      0      1      0      0      0      0      0      0      0      0      0      0      0      0      0      0      0      0      0      0      0      0      0      0      0      0      0      0      0      0      0      0      0      0      0      0     
0x7599f328a5f0           BSSY B0, 0x7599f328a720                                  0      0      0      8192   262144 262144 32     32     0      0      0      -      -      -      0      0      0      0      0      0      0      0      -      0      0      0      0      0      0      0      0      0      0      0      0      0      0      0      0      0      0      0      0      0      0      0      0      0      0      0      0      0      0      0      0      0      0      0      0      0      0      0      0      0      0     
0x7599f328a600           MOV R8, R20                                              0      0      0      8192   262144 262144 32     32     0      0      0      -      -      -      0      0      0      0      0      0      0      0      -      0      0      0      0      0      0      0      0      0      0      0      0      0      0      0      0      0      0      0      0      0      0      0      0      0      0      0      0      0      0      0      0      0      0      0      0      0      0      0      0      0      0     
0x7599f328a610     @P3   BRA 0x7599f328a710                                       2      1      2      8192   262144 261120 32     31     1      1      1024   -      -      -      0      0      0      0      0      0      0      0      -      0      0      0      0      0      0      0      0      0      0      0      0      0      0      0      0      0      0      0      1      0      0      0      1      0      0      0      0      0      0      0      0      0      0      0      0      0      0      0      0      0      1     
0x7599f328a620           I2F.U64 R3, c[0x0][0x188]                                1      0      1      1024   1024   1024   1      1      30     31     0      -      -      -      0      0      0      0      0      0      0      0      -      0      0      0      0      0      0      0      0      0      0      0      0      0      0      0      0      0      0      0      1      0      0      0      0      0      0      0      0      0      0      0      0      0      0      0      0      0      0      0      0      0      0     
0x7599f328a630           BSSY B1, 0x7599f328a700                                  0      0      0      1024   1024   1024   1      1      0      31     0      -      -      -      0      0      0      0      0      0      0      0      -      0      0      0      0      0      0      0      0      0      0      0      0      0      0      0      0      0      0      0      0      0      0      0      0      0      0      0      0      0      0      0      0      0      0      0      0      0      0      0      0      0      0     
0x7599f328a640           MUFU.RCP R0, R3                                          1      0      1      1024   1024   1024   1      1      0      31     0      -      -      -      0      0      0      0      0      0      0      0      -      0      0      0      0      0      0      0      0      0      0      0      0      0      0      0      0      0      0      0      0      1      0      0      0      0      0      0      0      0      0      0      0      0      0      0      0      0      0      0      0      0      0     
0x7599f328a650           FCHK P0, R22, R3                                         0      0      0      1024   1024   1024   1      1      0      31     0      -      -      -      0      0      0      0      0      0      0      0      -      0      0      0      0      0      0      0      0      0      0      0      0      0      0      0      0      0      0      0      0      0      0      0      0      0      0      0      0      0      0      0      0      0      0      0      0      0      0      0      0      0      0     
0x7599f328a660           FFMA R5, -R3, R0, 1                                      0      0      0      1024   1024   1024   1      1      0      31     0      -      -      -      0      0      0      0      0      0      0      0      -      0      0      0      0      0      0      0      0      0      0      0      0      0      0      0      0      0      0      0      0      0      0      0      0      0      0      0      0      0      0      0      0      0      0      0      0      0      0      0      0      0      0     
0x7599f328a670           FFMA R0, R0, R5, R0                                      0      0      0      1024   1024   1024   1      1      0      31     0      -      -      -      0      0      0      0      0      0      0      0      -      0      0      0      0      0      0      0      0      0      0      0      0      0      0      0      0      0      0      0      0      0      0      0      0      0      0      0      0      0      0      0      0      0      0      0      0      0      0      0      0      0      0     
0x7599f328a680           FFMA R5, R0, R22, RZ                                     0      0      0      1024   1024   1024   1      1      0      31     0      -      -      -      0      0      0      0      0      0      0      0      -      0      0      0      0      0      0      0      0      0      0      0      0      0      0      0      0      0      0      0      0      0      0      0      0      0      0      0      0      0      0      0      0      0      0      0      0      0      0      0      0      0      0     
0x7599f328a690           FFMA R4, -R3, R5, R22                                    0      0      0      1024   1024   1024   1      1      0      31     0      -      -      -      0      0      0      0      0      0      0      0      -      0      0      0      0      0      0      0      0      0      0      0      0      0      0      0      0      0      0      0      0      0      0      0      0      0      0      0      0      0      0      0      0      0      0      0      0      0      0      0      0      0      0     
0x7599f328a6a0           FFMA R0, R0, R4, R5                                      0      0      0      1024   1024   1024   1      1      0      31     0      -      -      -      0      0      0      0      0      0      0      0      -      0      0      0      0      0      0      0      0      0      0      0      0      0      0      0      0      0      0      0      0      0      0      0      0      0      0      0      0      0      0      0      0      0      0      0      0      0      0      0      0      0      0     
0x7599f328a6b0     @!P0  BRA 0x7599f328a6f0                                       1      0      1      1024   1024   1024   1      1      0      31     0      -      -      -      0      0      0      0      0      0      0      0      -      0      0      0      0      0      0      0      0      0      0      0      0      0      0      0      0      0      0      0      1      0      0      0      0      0      0      0      0      0      0      0      0      0      0      0      0      0      0      0      0      0      0     
0x7599f328a6c0           MOV R0, R22                                              0      0      0      0      0      0      0      0      1      32     0      -      -      -      0      0      0      0      0      0      0      0      -      0      0      0      0      0      0      0      0      0      0      0      0      0      0      0      0      0      0      0      0      0      0      0      0      0      0      0      0      0      0      0      0      0      0      0      0      0      0      0      0      0      0     
0x7599f328a6d0           MOV R4, 0xdf0                                            0      0      0      0      0      0      0      0      0      32     0      -      -      -      0      0      0      0      0      0      0      0      -      0      0      0      0      0      0      0      0      0      0      0      0      0      0      0      0      0      0      0      0      0      0      0      0      0      0      0      0      0      0      0      0      0      0      0      0      0      0      0      0      0      0     
0x7599f328a6e0           CALL.REL.NOINC 0x7599f328b7d0                            0      0      0      0      0      0      0      0      0      32     0      -      -      -      0      0      0      0      0      0      0      0      -      0      0      0      0      0      0      0      0      0      0      0      0      0      0      0      0      0      0      0      0      0      0      0      0      0      0      0      0      0      0      0      0      0      0      0      0      0      0      0      0      0      0     
0x7599f328a6f0           BSYNC B1                                                 0      0      0      1024   1024   1024   1      1      1      31     0      -      -      -      0      0      0      0      0      0      0      0      -      0      0      0      0      0      0      0      0      0      0      0      0      0      0      0      0      0      0      0      0      0      0      0      0      0      0      0      0      0      0      0      0      0      0      0      0      0      0      0      0      0      0     
0x7599f328a700           STS [0xa4], R0                                           0      0      0      1024   1024   1024   1      1      0      31     0      Shared Store  32     0      1      0      1024   1024   0      0      0      -      0      0      0      0      0      0      0      0      0      0      0      0      0      0      0      0      0      0      0      0      0      0      0      0      0      0      0      0      0      0      0      0      0      0      0      0      0      0      0      0      0      0     
0x7599f328a710           BSYNC B0                                                 2      2      2      9216   262144 262144 28     28     27     4      0      -      -      -      0      0      0      0      0      0      0      0      -      0      0      0      0      0      0      0      1      0      0      0      0      0      0      0      0      0      1      0      0      0      0      0      0      0      1      0      0      0      0      0      0      0      0      0      1      0      0      0      0      0      0     
0x7599f328a720           BAR.SYNC.DEFER_BLOCKING 0x0                              2      0      2      8192   262144 262144 32     32     4      0      0      -      -      -      0      0      0      0      0      0      0      0      -      0      0      0      0      0      0      0      0      0      0      0      0      0      0      0      0      0      0      0      0      0      0      0      2      0      0      0      0      0      0      0      0      0      0      0      0      0      0      0      0      0      0     
0x7599f328a730           ISETP.LT.U32.AND P1, PT, R20, UR4, PT                    1      0      1      8192   262144 262144 32     32     0      0      0      -      -      -      0      0      0      0      0      0      0      0      -      0      0      0      0      0      0      0      0      0      0      0      0      0      0      0      0      0      0      0      1      0      0      0      0      0      0      0      0      0      0      0      0      0      0      0      0      0      0      0      0      0      0     
0x7599f328a740           MOV R0, UR5                                              0      0      0      8192   262144 262144 32     32     0      0      0      -      -      -      0      0      0      0      0      0      0      0      -      0      0      0      0      0      0      0      0      0      0      0      0      0      0      0      0      0      0      0      0      0      0      0      0      0      0      0      0      0      0      0      0      0      0      0      0      0      0      0      0      0      0     
0x7599f328a750           MOV R3, RZ                                               2      0      2      8192   262144 262144 32     32     0      0      0      -      -      -      0      0      0      0      0      0      0      0      -      0      0      0      0      0      0      0      0      0      0      0      0      0      0      0      0      0      0      0      1      0      0      0      1      0      0      0      0      0      0      0      0      0      0      0      0      0      0      0      0      0      0     
0x7599f328a760           BSSY B0, 0x7599f328a980                                  51     31     51     8192   262144 262144 32     32     0      0      0      -      -      -      0      0      0      0      0      0      0      0      -      0      0      0      0      0      0      49     0      0      0      0      0      0      0      0      0      0      0      2      0      0      0      0      0      31     0      0      0      0      0      0      0      0      0      0      0      0      0      0      0      0      0     
0x7599f328a770           ISETP.GT.U32.AND.EX P1, PT, R0, R21, PT, P1              0      0      0      8192   262144 262144 32     32     0      0      0      -      -      -      0      0      0      0      0      0      0      0      -      0      0      0      0      0      0      0      0      0      0      0      0      0      0      0      0      0      0      0      0      0      0      0      0      0      0      0      0      0      0      0      0      0      0      0      0      0      0      0      0      0      0     
0x7599f328a780           IMAD.MOV.U32 R0, RZ, RZ, RZ                              0      0      0      8192   262144 262144 32     32     0      0      0      -      -      -      0      0      0      0      0      0      0      0      -      0      0      0      0      0      0      0      0      0      0      0      0      0      0      0      0      0      0      0      0      0      0      0      0      0      0      0      0      0      0      0      0      0      0      0      0      0      0      0      0      0      0     
0x7599f328a790           MOV R9, RZ                                               0      0      0      8192   262144 262144 32     32     0      0      0      -      -      -      0      0      0      0      0      0      0      0      -      0      0      0      0      0      0      0      0      0      0      0      0      0      0      0      0      0      0      0      0      0      0      0      0      0      0      0      0      0      0      0      0      0      0      0      0      0      0      0      0      0      0     
0x7599f328a7a0           MOV R10, RZ                                              4      1      4      8192   262144 262144 32     32     0      0      0      -      -      -      0      0      0      0      0      0      0      0      -      0      0      0      0      0      0      0      0      0      0      0      0      0      2      0      0      0      0      2      0      0      0      0      0      0      0      0      0      0      0      0      1      0      0      0      0      0      0      0      0      0      0     
0x7599f328a7b0     @!P1  BRA 0x7599f328a970                                       2      0      2      8192   262144 0      32     0      32     32     0      -      -      -      0      0      0      0      0      0      0      0      -      0      0      0      0      0      0      0      0      0      0      0      0      0      0      0      0      0      0      1      1      0      0      0      0      0      0      0      0      0      0      0      0      0      0      0      0      0      0      0      0      0      0     
0x7599f328a7c0           LDS R0, [0xa4]                                           1      0      1      8192   262144 262144 32     32     32     0      0      Shared Load   32     0      1      0      8192   8192   0      0      0      -      0      0      0      0      0      0      0      0      0      0      0      0      0      0      0      0      0      0      0      1      0      0      0      0      0      0      0      0      0      0      0      0      0      0      0      0      0      0      0      0      0      0     
0x7599f328a7d0           BSSY B1, 0x7599f328a960                                  0      0      0      8192   262144 262144 32     32     0      0      0      -      -      -      0      0      0      0      0      0      0      0      -      0      0      0      0      0      0      0      0      0      0      0      0      0      0      0      0      0      0      0      0      0      0      0      0      0      0      0      0      0      0      0      0      0      0      0      0      0      0      0      0      0      0     
0x7599f328a7e0           CS2R R10, SRZ                                            0      0      0      8192   262144 262144 32     32     0      0      0      -      -      -      0      0      0      0      0      0      0      0      -      0      0      0      0      0      0      0      0      0      0      0      0      0      0      0      0      0      0      0      0      0      0      0      0      0      0      0      0      0      0      0      0      0      0      0      0      0      0      0      0      0      0     
0x7599f328a7f0           IMAD.MOV.U32 R3, RZ, RZ, RZ                              0      0      0      8192   262144 262144 32     32     0      0      0      -      -      -      0      0      0      0      0      0      0      0      -      0      0      0      0      0      0      0      0      0      0      0      0      0      0      0      0      0      0      0      0      0      0      0      0      0      0      0      0      0      0      0      0      0      0      0      0      0      0      0      0      0      0     
0x7599f328a800           MOV R9, RZ                                               0      0      0      8192   262144 262144 32     32     0      0      0      -      -      -      0      0      0      0      0      0      0      0      -      0      0      0      0      0      0      0      0      0      0      0      0      0      0      0      0      0      0      0      0      0      0      0      0      0      0      0      0      0      0      0      0      0      0      0      0      0      0      0      0      0      0     
0x7599f328a810           SHF.L.U64.HI R5, R20, 0x2, R21                           2      0      2      16384  524288 524288 32     32     0      0      0      -      -      -      0      0      0      0      0      0      0      0      -      0      0      0      0      0      0      0      0      0      0      0      0      0      0      0      0      0      0      1      1      0      0      0      0      0      0      0      0      0      0      0      0      0      0      0      0      0      0      0      0      0      0     
0x7599f328a820           SHF.L.U32 R4, R20, 0x2, RZ                               1      0      1      16384  524288 524288 32     32     0      0      0      -      -      -      0      0      0      0      0      0      0      0      -      0      0      0      0      0      0      0      0      0      0      0      0      0      0      0      0      0      0      0      0      0      0      0      1      0      0      0      0      0      0      0      0      0      0      0      0      0      0      0      0      0      0     
0x7599f328a830           IMAD.WIDE.U32 R4, R2, c[0x0][0x188], R4                  2      0      2      16384  524288 524288 32     32     0      0      0      -      -      -      0      0      0      0      0      0      0      0      -      0      0      0      0      0      0      0      0      0      0      0      0      0      0      0      0      0      0      1      0      0      0      0      1      0      0      0      0      0      0      0      0      0      0      0      0      0      0      0      0      0      0     
0x7599f328a840           IMAD R5, R2, c[0x0][0x18c], R5                           1      1      1      16384  524288 524288 32     32     0      0      0      -      -      -      0      0      0      0      0      0      0      0      -      0      0      0      0      0      0      0      0      0      0      0      0      0      0      0      0      0      0      0      0      0      0      0      1      0      0      0      0      0      0      0      0      0      0      0      0      0      0      0      0      0      1     
0x7599f328a850           LEA R6, P0, R4, c[0x0][0x160], 0x2                       2      0      2      16384  524288 524288 32     32     0      0      0      -      -      -      0      0      0      0      0      0      0      0      -      0      0      0      0      0      0      0      0      1      0      0      0      0      0      0      0      0      0      0      1      0      0      0      0      0      0      0      0      0      0      0      0      0      0      0      0      0      0      0      0      0      0     
0x7599f328a860           LEA.HI.X R7, R4, c[0x0][0x164], R5, 0x2, P0              5      2      5      16384  524288 524288 32     32     0      0      0      -      -      -      0      0      0      0      0      0      0      0      -      0      0      0      0      0      0      0      0      0      0      0      0      0      2      0      0      0      0      1      1      0      0      0      1      0      0      0      0      0      0      0      1      0      0      0      0      0      0      0      0      0      1     
0x7599f328a870           LDG.E.128.CONSTANT R4, [R6.64]                           9      3      9      16384  524288 524288 32     32     0      0      0      Global Load   128    65536  0      0      0      0      0      262144 262144        0      0      0      0      0      0      0      0      0      0      0      1      0      0      0      2      0      0      1      1      0      0      0      4      0      0      0      0      0      0      0      0      0      0      0      0      0      0      0      0      0      3     
0x7599f328a880           IADD3 R20, P0, R20, c[0x0][0x0], RZ                      1      0      1      16384  524288 524288 32     32     0      0      0      -      -      -      0      0      0      0      0      0      0      0      -      0      0      0      0      0      0      0      0      0      0      0      0      0      0      0      0      0      0      0      1      0      0      0      0      0      0      0      0      0      0      0      0      0      0      0      0      0      0      0      0      0      0     
0x7599f328a890           IADD3.X R21, RZ, R21, RZ, P0, !PT                        2      0      2      16384  524288 524288 32     32     0      0      0      -      -      -      0      0      0      0      0      0      0      0      -      0      0      0      0      0      0      0      0      0      0      0      0      0      0      0      0      0      0      1      0      0      0      0      1      0      0      0      0      0      0      0      0      0      0      0      0      0      0      0      0      0      0     
0x7599f328a8a0           ISETP.GE.U32.AND P0, PT, R20, UR4, PT                    1      1      1      16384  524288 524288 32     32     0      0      0      -      -      -      0      0      0      0      0      0      0      0      -      0      0      0      0      0      0      0      0      0      0      0      0      0      0      0      0      0      0      0      0      0      0      0      1      0      0      0      0      0      0      0      0      0      0      0      0      0      0      0      0      0      1     
0x7599f328a8b0           ISETP.GE.U32.AND.EX P0, PT, R21, UR5, PT, P0             1      0      1      16384  524288 524288 32     32     0      0      0      -      -      -      0      0      0      0      0      0      0      0      -      0      0      0      0      0      0      0      0      0      0      0      0      0      0      0      0      0      0      0      1      0      0      0      0      0      0      0      0      0      0      0      0      0      0      0      0      0      0      0      0      0      0     
0x7599f328a8c0           FADD R12, -R0, R5                                        200    143    200    16384  524288 524288 32     32     0      0      0      -      -      -      0      0      0      0      0      0      0      0      -      0      0      0      0      0      0      0      0      0      0      0      0      199    0      0      0      0      0      0      1      0      0      0      0      0      0      0      0      0      0      143    0      0      0      0      0      0      0      0      0      0      0     
0x7599f328a8d0           FADD R4, -R0, R4                                         0      0      0      16384  524288 524288 32     32     0      0      0      -      -      -      0      0      0      0      0      0      0      0      -      0      0      0      0      0      0      0      0      0      0      0      0      0      0      0      0      0      0      0      0      0      0      0      0      0      0      0      0      0      0      0      0      0      0      0      0      0      0      0      0      0      0     
0x7599f328a8e0           FADD R14, -R0, R6                                        1      0      1      16384  524288 524288 32     32     0      0      0      -      -      -      0      0      0      0      0      0      0      0      -      0      0      0      0      0      0      0      0      0      0      0      0      0      0      0      0      0      0      0      1      0      0      0      0      0      0      0      0      0      0      0      0      0      0      0      0      0      0      0      0      0      0     
0x7599f328a8f0           FADD R5, -R0, R7                                         0      0      0      16384  524288 524288 32     32     0      0      0      -      -      -      0      0      0      0      0      0      0      0      -      0      0      0      0      0      0      0      0      0      0      0      0      0      0      0      0      0      0      0      0      0      0      0      0      0      0      0      0      0      0      0      0      0      0      0      0      0      0      0      0      0      0     
0x7599f328a900           FFMA R3, R12, R12, R3                                    0      0      0      16384  524288 524288 32     32     0      0      0      -      -      -      0      0      0      0      0      0      0      0      -      0      0      0      0      0      0      0      0      0      0      0      0      0      0      0      0      0      0      0      0      0      0      0      0      0      0      0      0      0      0      0      0      0      0      0      0      0      0      0      0      0      0     
0x7599f328a910           FFMA R11, R4, R4, R11                                    0      0      0      16384  524288 524288 32     32     0      0      0      -      -      -      0      0      0      0      0      0      0      0      -      0      0      0      0      0      0      0      0      0      0      0      0      0      0      0      0      0      0      0      0      0      0      0      0      0      0      0      0      0      0      0      0      0      0      0      0      0      0      0      0      0      0     
0x7599f328a920           FFMA R9, R14, R14, R9                                    1      0      1      16384  524288 524288 32     32     0      0      0      -      -      -      0      0      0      0      0      0      0      0      -      0      0      0      0      0      0      0      0      0      0      0      0      0      0      0      0      0      0      0      1      0      0      0      0      0      0      0      0      0      0      0      0      0      0      0      0      0      0      0      0      0      0     
0x7599f328a930           FFMA R10, R5, R5, R10                                    0      0      0      16384  524288 524288 32     32     0      0      0      -      -      -      0      0      0      0      0      0      0      0      -      0      0      0      0      0      0      0      0      0      0      0      0      0      0      0      0      0      0      0      0      0      0      0      0      0      0      0      0      0      0      0      0      0      0      0      0      0      0      0      0      0      0     
0x7599f328a940     @!P0  BRA 0x7599f328a810                                       0      0      0      16384  524288 262144 32     16     16     16     0      -      -      -      0      0      0      0      0      0      0      0      -      0      0      0      0      0      0      0      0      0      0      0      0      0      0      0      0      0      0      0      0      0      0      0      0      0      0      0      0      0      0      0      0      0      0      0      0      0      0      0      0      0      0     
0x7599f328a950           BSYNC B1                                                 3      0      3      8192   262144 262144 32     32     16     0      0      -      -      -      0      0      0      0      0      0      0      0      -      0      0      0      0      0      0      0      0      0      0      0      0      0      0      0      0      0      0      0      0      0      0      0      3      0      0      0      0      0      0      0      0      0      0      0      0      0      0      0      0      0      0     
0x7599f328a960           FADD R0, RZ, R11                                         2      2      2      8192   262144 262144 32     32     0      0      0      -      -      -      0      0      0      0      0      0      0      0      -      0      0      0      0      0      0      0      1      0      0      0      0      0      0      0      0      0      0      0      0      0      0      0      1      0      1      0      0      0      0      0      0      0      0      0      0      0      0      0      0      0      1     
0x7599f328a970           BSYNC B0                                                 0      0      0      8192   262144 262144 32     32     0      0      0      -      -      -      0      0      0      0      0      0      0      0      -      0      0      0      0      0      0      0      0      0      0      0      0      0      0      0      0      0      0      0      0      0      0      0      0      0      0      0      0      0      0      0      0      0      0      0      0      0      0      0      0      0      0     
0x7599f328a980           IMAD.MOV.U32 R11, RZ, RZ, c[0x0][0x0]                    4      4      4      8192   262144 262144 32     32     0      0      0      -      -      -      0      0      0      0      0      0      0      0      -      0      0      0      0      0      0      0      3      0      0      0      0      0      0      0      0      0      0      0      0      0      0      0      1      0      3      0      0      0      0      0      0      0      0      0      0      0      0      0      0      0      1     
0x7599f328a990           FADD R0, R3, R0                                          0      0      0      8192   262144 262144 32     32     0      0      0      -      -      -      0      0      0      0      0      0      0      0      -      0      0      0      0      0      0      0      0      0      0      0      0      0      0      0      0      0      0      0      0      0      0      0      0      0      0      0      0      0      0      0      0      0      0      0      0      0      0      0      0      0      0     
0x7599f328a9a0           BSSY B0, 0x7599f328b380                                  0      0      0      8192   262144 262144 32     32     0      0      0      -      -      -      0      0      0      0      0      0      0      0      -      0      0      0      0      0      0      0      0      0      0      0      0      0      0      0      0      0      0      0      0      0      0      0      0      0      0      0      0      0      0      0      0      0      0      0      0      0      0      0      0      0      0     
0x7599f328a9b0           ISETP.GT.AND P0, PT, R11, 0x3ff, PT                      3      1      3      8192   262144 262144 32     32     0      0      0      -      -      -      0      0      0      0      0      0      0      0      -      0      0      0      0      0      0      0      0      0      0      0      0      0      0      0      0      0      0      1      0      0      0      0      2      0      0      0      0      0      0      0      0      0      0      0      0      0      0      0      0      0      1     
0x7599f328a9c0           FADD R9, R0, R9                                          0      0      0      8192   262144 262144 32     32     0      0      0      -      -      -      0      0      0      0      0      0      0      0      -      0      0      0      0      0      0      0      0      0      0      0      0      0      0      0      0      0      0      0      0      0      0      0      0      0      0      0      0      0      0      0      0      0      0      0      0      0      0      0      0      0      0     
0x7599f328a9d0           FADD R13, R9, R10                                        0      0      0      8192   262144 262144 32     32     0      0      0      -      -      -      0      0      0      0      0      0      0      0      -      0      0      0      0      0      0      0      0      0      0      0      0      0      0      0      0      0      0      0      0      0      0      0      0      0      0      0      0      0      0      0      0      0      0      0      0      0      0      0      0      0      0     
0x7599f328a9e0     @P0   BRA 0x7599f328afe0                                       4      3      4      8192   262144 0      32     0      32     32     0      -      -      -      0      0      0      0      0      0      0      0      -      0      0      0      0      0      0      0      0      0      0      0      0      0      0      0      0      0      0      0      1      0      0      0      3      0      0      0      0      0      0      0      0      0      0      0      0      0      0      0      0      0      3     
0x7599f328a9f0           SHF.R.S32.HI R3, RZ, 0x1f, R8                            0      0      0      8192   262144 262144 32     32     32     0      0      -      -      -      0      0      0      0      0      0      0      0      -      0      0      0      0      0      0      0      0      0      0      0      0      0      0      0      0      0      0      0      0      0      0      0      0      0      0      0      0      0      0      0      0      0      0      0      0      0      0      0      0      0      0     
0x7599f328aa00           S2R R6, SR_LANEID                                        0      0      0      8192   262144 262144 32     32     0      0      0      -      -      -      0      0      0      0      0      0      0      0      -      0      0      0      0      0      0      0      0      0      0      0      0      0      0      0      0      0      0      0      0      0      0      0      0      0      0      0      0      0      0      0      0      0      0      0      0      0      0      0      0      0      0     
0x7599f328aa10           LEA.HI R3, R3, R8, RZ, 0x5                               2      0      2      8192   262144 262144 32     32     0      0      0      -      -      -      0      0      0      0      0      0      0      0      -      0      0      0      0      0      0      0      0      0      0      0      0      0      0      0      0      0      0      0      1      0      0      0      1      0      0      0      0      0      0      0      0      0      0      0      0      0      0      0      0      0      0     
0x7599f328aa20           LOP3.LUT R0, R3, 0xffffffe0, RZ, 0xc0, !PT               3      2      3      8192   262144 262144 32     32     0      0      0      -      -      -      0      0      0      0      0      0      0      0      -      0      0      0      0      0      0      0      0      0      0      0      0      0      1      0      0      0      0      1      0      0      0      0      1      0      0      0      0      0      0      0      1      0      0      0      0      0      0      0      0      0      1     
0x7599f328aa30           SHF.R.S32.HI R3, RZ, 0x5, R3                             0      0      0      8192   262144 262144 32     32     0      0      0      -      -      -      0      0      0      0      0      0      0      0      -      0      0      0      0      0      0      0      0      0      0      0      0      0      0      0      0      0      0      0      0      0      0      0      0      0      0      0      0      0      0      0      0      0      0      0      0      0      0      0      0      0      0     
0x7599f328aa40           IADD3 R4, R0, 0x20, RZ                                   0      0      0      8192   262144 262144 32     32     0      0      0      -      -      -      0      0      0      0      0      0      0      0      -      0      0      0      0      0      0      0      0      0      0      0      0      0      0      0      0      0      0      0      0      0      0      0      0      0      0      0      0      0      0      0      0      0      0      0      0      0      0      0      0      0      0     
0x7599f328aa50           LOP3.LUT R0, RZ, R0, RZ, 0x33, !PT                       0      0      0      8192   262144 262144 32     32     0      0      0      -      -      -      0      0      0      0      0      0      0      0      -      0      0      0      0      0      0      0      0      0      0      0      0      0      0      0      0      0      0      0      0      0      0      0      0      0      0      0      0      0      0      0      0      0      0      0      0      0      0      0      0      0      0     
0x7599f328aa60           ISETP.GT.AND P0, PT, R4, c[0x0][0x0], PT                 0      0      0      8192   262144 262144 32     32     0      0      0      -      -      -      0      0      0      0      0      0      0      0      -      0      0      0      0      0      0      0      0      0      0      0      0      0      0      0      0      0      0      0      0      0      0      0      0      0      0      0      0      0      0      0      0      0      0      0      0      0      0      0      0      0      0     
0x7599f328aa70           IADD3 R0, R0, c[0x0][0x0], RZ                            0      0      0      8192   262144 262144 32     32     0      0      0      -      -      -      0      0      0      0      0      0      0      0      -      0      0      0      0      0      0      0      0      0      0      0      0      0      0      0      0      0      0      0      0      0      0      0      0      0      0      0      0      0      0      0      0      0      0      0      0      0      0      0      0      0      0     
0x7599f328aa80           SEL R0, R0, 0x1f, P0                                     2      0      2      8192   262144 262144 32     32     0      0      0      -      -      -      0      0      0      0      0      0      0      0      -      0      0      0      0      0      0      0      0      0      0      0      0      0      0      0      0      0      0      1      1      0      0      0      0      0      0      0      0      0      0      0      0      0      0      0      0      0      0      0      0      0      0     
0x7599f328aa90           ISETP.NE.AND P2, PT, R6, RZ, PT                          2      1      2      8192   262144 262144 32     32     0      0      0      -      -      -      0      0      0      0      0      0      0      0      -      0      0      0      0      0      0      0      0      0      0      0      0      0      0      0      0      0      0      1      0      1      0      0      0      0      0      0      0      0      0      0      0      0      0      0      0      0      0      1      0      0      0     
0x7599f328aaa0           SHFL.DOWN P0, R5, R13, 0x1, R0                           0      0      0      8192   262144 262144 32     32     0      0      0      -      -      -      0      0      0      0      0      0      0      0      -      0      0      0      0      0      0      0      0      0      0      0      0      0      0      0      0      0      0      0      0      0      0      0      0      0      0      0      0      0      0      0      0      0      0      0      0      0      0      0      0      0      0     
0x7599f328aab0     @P0   FADD R5, R13, R5                                         7      3      7      8192   262144 253952 32     31     1      1      0      -      -      -      0      0      0      0      0      0      0      0      -      0      0      0      0      0      0      0      0      0      0      0      0      0      0      0      0      0      0      0      0      6      0      0      1      0      0      0      0      0      0      0      0      0      0      0      0      0      0      3      0      0      0     
0x7599f328aac0           SHFL.DOWN P0, R4, R5, 0x2, R0                            1      0      1      8192   262144 262144 32     32     1      0      0      -      -      -      0      0      0      0      0      0      0      0      -      0      0      0      0      0      0      0      0      0      0      0      0      0      0      0      0      0      0      0      0      0      0      0      1      0      0      0      0      0      0      0      0      0      0      0      0      0      0      0      0      0      0     
0x7599f328aad0     @P0   FADD R4, R5, R4                                          4      4      4      8192   262144 245760 32     30     2      2      0      -      -      -      0      0      0      0      0      0      0      0      -      0      0      0      0      0      0      0      0      0      0      0      0      0      0      0      0      0      0      0      0      4      0      0      0      0      0      0      0      0      0      0      0      0      0      0      0      0      0      4      0      0      0     
0x7599f328aae0           SHFL.DOWN P0, R7, R4, 0x4, R0                            1      1      1      8192   262144 262144 32     32     2      0      0      -      -      -      0      0      0      0      0      0      0      0      -      0      0      0      0      0      0      0      0      0      0      0      0      0      0      0      0      0      0      0      0      0      0      0      1      0      0      0      0      0      0      0      0      0      0      0      0      0      0      0      0      0      1     
0x7599f328aaf0     @P0   FADD R7, R4, R7                                          11     7      11     8192   262144 229376 32     28     4      4      0      -      -      -      0      0      0      0      0      0      0      0      -      0      0      0      0      0      0      0      0      0      0      0      0      0      0      0      0      0      0      0      0      11     0      0      0      0      0      0      0      0      0      0      0      0      0      0      0      0      0      7      0      0      0     
0x7599f328ab00           SHFL.DOWN P0, R9, R7, 0x8, R0                            1      1      1      8192   262144 262144 32     32     4      0      0      -      -      -      0      0      0      0      0      0      0      0      -      0      0      0      0      0      0      0      0      0      0      0      0      0      0      0      0      0      0      0      0      0      0      0      1      0      0      0      0      0      0      0      0      0      0      0      0      0      0      0      0      0      1     
0x7599f328ab10     @P0   FADD R9, R7, R9                                          8      5      8      8192   262144 196608 32     24     8      8      0      -      -      -      0      0      0      0      0      0      0      0      -      0      0      0      0      0      0      0      0      0      0      0      0      0      0      0      0      0      0      0      0      8      0      0      0      0      0      0      0      0      0      0      0      0      0      0      0      0      0      5      0      0      0     
0x7599f328ab20           SHFL.DOWN P0, R10, R9, 0x10, R0                          2      1      2      8192   262144 262144 32     32     8      0      0      -      -      -      0      0      0      0      0      0      0      0      -      0      0      0      0      0      0      0      0      0      0      0      0      0      0      0      0      0      0      0      0      0      0      0      2      0      0      0      0      0      0      0      0      0      0      0      0      0      0      0      0      0      1     
0x7599f328ab30     @P0   FADD R10, R9, R10                                        8      5      8      8192   262144 131072 32     16     16     16     0      -      -      -      0      0      0      0      0      0      0      0      -      0      0      0      0      0      0      0      0      0      0      0      0      0      0      0      0      0      0      0      0      8      0      0      0      0      0      0      0      0      0      0      0      0      0      0      0      0      0      5      0      0      0     
0x7599f328ab40     @!P2  STS [R3.X4+0x20], R10                                    3      1      3      8192   262144 8192   32     1      15     31     0      Shared Store  32     0      1      0      8192   8192   0      0      0      -      0      0      0      0      0      0      0      0      0      0      0      0      0      0      0      0      0      0      0      0      0      0      0      3      0      0      0      0      0      0      0      0      0      0      0      0      0      0      0      0      0      1     
0x7599f328ab50           BAR.SYNC.DEFER_BLOCKING 0x0                              0      0      0      8192   262144 262144 32     32     31     0      0      -      -      -      0      0      0      0      0      0      0      0      -      0      0      0      0      0      0      0      0      0      0      0      0      0      0      0      0      0      0      0      0      0      0      0      0      0      0      0      0      0      0      0      0      0      0      0      0      0      0      0      0      0      0     
0x7599f328ab60     @P3   BRA 0x7599f328b370                                       214    146    214    8192   262144 261120 32     31     1      1      1024   -      -      -      0      0      0      0      0      0      0      0      -      0      0      0      0      0      0      211    0      0      0      0      0      0      0      0      0      0      0      0      1      0      0      0      2      144    0      0      0      0      0      0      0      0      0      0      0      0      0      0      0      0      2     
0x7599f328ab70           LDS.128 R12, [0x20]                                      3      0      3      1024   1024   1024   1      1      30     31     0      Shared Load   128    0      1      0      1024   1024   0      0      0      -      0      0      0      0      0      0      0      0      0      0      0      0      0      0      0      0      0      0      0      0      0      0      0      3      0      0      0      0      0      0      0      0      0      0      0      0      0      0      0      0      0      0     
0x7599f328ab80           ISETP.GT.AND P0, PT, R11, 0x20, PT                       0      0      0      1024   1024   1024   1      1      0      31     0      -      -      -      0      0      0      0      0      0      0      0      -      0      0      0      0      0      0      0      0      0      0      0      0      0      0      0      0      0      0      0      0      0      0      0      0      0      0      0      0      0      0      0      0      0      0      0      0      0      0      0      0      0      0     
0x7599f328ab90           ISETP.GT.AND P5, PT, R11, 0x40, PT                       0      0      0      1024   1024   1024   1      1      0      31     0      -      -      -      0      0      0      0      0      0      0      0      -      0      0      0      0      0      0      0      0      0      0      0      0      0      0      0      0      0      0      0      0      0      0      0      0      0      0      0      0      0      0      0      0      0      0      0      0      0      0      0      0      0      0     
0x7599f328aba0           LDS.128 R16, [0x30]                                      0      0      0      1024   1024   1024   1      1      0      31     0      Shared Load   128    0      1      0      1024   1024   0      0      0      -      0      0      0      0      0      0      0      0      0      0      0      0      0      0      0      0      0      0      0      0      0      0      0      0      0      0      0      0      0      0      0      0      0      0      0      0      0      0      0      0      0      0     
0x7599f328abb0           ISETP.GT.AND P2, PT, R11, 0x60, PT                       0      0      0      1024   1024   1024   1      1      0      31     0      -      -      -      0      0      0      0      0      0      0      0      -      0      0      0      0      0      0      0      0      0      0      0      0      0      0      0      0      0      0      0      0      0      0      0      0      0      0      0      0      0      0      0      0      0      0      0      0      0      0      0      0      0      0     
0x7599f328abc0           ISETP.GT.AND P3, PT, R11, 0x80, PT                       1      0      1      1024   1024   1024   1      1      0      31     0      -      -      -      0      0      0      0      0      0      0      0      -      0      0      0      0      0      0      0      0      0      0      0      0      0      0      0      0      0      0      0      1      0      0      0      0      0      0      0      0      0      0      0      0      0      0      0      0      0      0      0      0      0      0     
0x7599f328abd0           LDS.128 R20, [0x40]                                      1      0      1      1024   1024   1024   1      1      0      31     0      Shared Load   128    0      1      0      1024   1024   0      0      0      -      0      0      0      0      0      0      0      0      0      0      0      0      0      0      0      0      0      0      0      1      0      0      0      0      0      0      0      0      0      0      0      0      0      0      0      0      0      0      0      0      0      0     
0x7599f328abe0           ISETP.GT.AND P4, PT, R11, 0xa0, PT                       0      0      0      1024   1024   1024   1      1      0      31     0      -      -      -      0      0      0      0      0      0      0      0      -      0      0      0      0      0      0      0      0      0      0      0      0      0      0      0      0      0      0      0      0      0      0      0      0      0      0      0      0      0      0      0      0      0      0      0      0      0      0      0      0      0      0     
0x7599f328abf0           LDS.128 R4, [0x50]                                       0      0      0      1024   1024   1024   1      1      0      31     0      Shared Load   128    0      1      0      1024   1024   0      0      0      -      0      0      0      0      0      0      0      0      0      0      0      0      0      0      0      0      0      0      0      0      0      0      0      0      0      0      0      0      0      0      0      0      0      0      0      0      0      0      0      0      0      0     
0x7599f328ac00     @P0   FADD R10, R10, R13                                       0      0      0      1024   1024   1024   1      1      0      31     0      -      -      -      0      0      0      0      0      0      0      0      -      0      0      0      0      0      0      0      0      0      0      0      0      0      0      0      0      0      0      0      0      0      0      0      0      0      0      0      0      0      0      0      0      0      0      0      0      0      0      0      0      0      0     
0x7599f328ac10           ISETP.GT.AND P0, PT, R11, 0xc0, PT                       0      0      0      1024   1024   1024   1      1      0      31     0      -      -      -      0      0      0      0      0      0      0      0      -      0      0      0      0      0      0      0      0      0      0      0      0      0      0      0      0      0      0      0      0      0      0      0      0      0      0      0      0      0      0      0      0      0      0      0      0      0      0      0      0      0      0     
0x7599f328ac20     @P5   FADD R10, R10, R14                                       0      0      0      1024   1024   1024   1      1      0      31     0      -      -      -      0      0      0      0      0      0      0      0      -      0      0      0      0      0      0      0      0      0      0      0      0      0      0      0      0      0      0      0      0      0      0      0      0      0      0      0      0      0      0      0      0      0      0      0      0      0      0      0      0      0      0     
0x7599f328ac30           ISETP.GT.AND P5, PT, R11, 0xe0, PT                       0      0      0      1024   1024   1024   1      1      0      31     0      -      -      -      0      0      0      0      0      0      0      0      -      0      0      0      0      0      0      0      0      0      0      0      0      0      0      0      0      0      0      0      0      0      0      0      0      0      0      0      0      0      0      0      0      0      0      0      0      0      0      0      0      0      0     
0x7599f328ac40     @P2   FADD R10, R10, R15                                       0      0      0      1024   1024   1024   1      1      0      31     0      -      -      -      0      0      0      0      0      0      0      0      -      0      0      0      0      0      0      0      0      0      0      0      0      0      0      0      0      0      0      0      0      0      0      0      0      0      0      0      0      0      0      0      0      0      0      0      0      0      0      0      0      0      0     
0x7599f328ac50           ISETP.GT.AND P2, PT, R11, 0x100, PT                      0      0      0      1024   1024   1024   1      1      0      31     0      -      -      -      0      0      0      0      0      0      0      0      -      0      0      0      0      0      0      0      0      0      0      0      0      0      0      0      0      0      0      0      0      0      0      0      0      0      0      0      0      0      0      0      0      0      0      0      0      0      0      0      0      0      0     
0x7599f328ac60           LDS.128 R12, [0x60]                                      0      0      0      1024   1024   1024   1      1      0      31     0      Shared Load   128    0      1      0      1024   1024   0      0      0      -      0      0      0      0      0      0      0      0      0      0      0      0      0      0      0      0      0      0      0      0      0      0      0      0      0      0      0      0      0      0      0      0      0      0      0      0      0      0      0      0      0      0     
0x7599f328ac70     @P3   FADD R10, R10, R16                                       0      0      0      1024   1024   1024   1      1      0      31     0      -      -      -      0      0      0      0      0      0      0      0      -      0      0      0      0      0      0      0      0      0      0      0      0      0      0      0      0      0      0      0      0      0      0      0      0      0      0      0      0      0      0      0      0      0      0      0      0      0      0      0      0      0      0     
0x7599f328ac80           ISETP.GT.AND P3, PT, R11, 0x140, PT                      0      0      0      1024   1024   1024   1      1      0      31     0      -      -      -      0      0      0      0      0      0      0      0      -      0      0      0      0      0      0      0      0      0      0      0      0      0      0      0      0      0      0      0      0      0      0      0      0      0      0      0      0      0      0      0      0      0      0      0      0      0      0      0      0      0      0     
0x7599f328ac90     @P4   FADD R10, R10, R17                                       0      0      0      1024   1024   1024   1      1      0      31     0      -      -      -      0      0      0      0      0      0      0      0      -      0      0      0      0      0      0      0      0      0      0      0      0      0      0      0      0      0      0      0      0      0      0      0      0      0      0      0      0      0      0      0      0      0      0      0      0      0      0      0      0      0      0     
0x7599f328aca0           ISETP.GT.AND P4, PT, R11, 0x120, PT                      0      0      0      1024   1024   1024   1      1      0      31     0      -      -      -      0      0      0      0      0      0      0      0      -      0      0      0      0      0      0      0      0      0      0      0      0      0      0      0      0      0      0      0      0      0      0      0      0      0      0      0      0      0      0      0      0      0      0      0      0      0      0      0      0      0      0     
0x7599f328acb0     @P0   FADD R10, R10, R18                                       0      0      0      1024   1024   1024   1      1      0      31     0      -      -      -      0      0      0      0      0      0      0      0      -      0      0      0      0      0      0      0      0      0      0      0      0      0      0      0      0      0      0      0      0      0      0      0      0      0      0      0      0      0      0      0      0      0      0      0      0      0      0      0      0      0      0     
0x7599f328acc0           ISETP.GT.AND P0, PT, R11, 0x160, PT                      0      0      0      1024   1024   1024   1      1      0      31     0      -      -      -      0      0      0      0      0      0      0      0      -      0      0      0      0      0      0      0      0      0      0      0      0      0      0      0      0      0      0      0      0      0      0      0      0      0      0      0      0      0      0      0      0      0      0      0      0      0      0      0      0      0      0     
0x7599f328acd0     @P5   FADD R10, R10, R19                                       0      0      0      1024   1024   1024   1      1      0      31     0      -      -      -      0      0      0      0      0      0      0      0      -      0      0      0      0      0      0      0      0      0      0      0      0      0      0      0      0      0      0      0      0      0      0      0      0      0      0      0      0      0      0      0      0      0      0      0      0      0      0      0      0      0      0     
0x7599f328ace0           LDS.128 R16, [0x70]                                      0      0      0      1024   1024   1024   1      1      0      31     0      Shared Load   128    0      1      0      1024   1024   0      0      0      -      0      0      0      0      0      0      0      0      0      0      0      0      0      0      0      0      0      0      0      0      0      0      0      0      0      0      0      0      0      0      0      0      0      0      0      0      0      0      0      0      0      0     
0x7599f328acf0     @P2   FADD R10, R10, R20                                       0      0      0      1024   1024   0      1      0      1      32     0      -      -      -      0      0      0      0      0      0      0      0      -      0      0      0      0      0      0      0      0      0      0      0      0      0      0      0      0      0      0      0      0      0      0      0      0      0      0      0      0      0      0      0      0      0      0      0      0      0      0      0      0      0      0     
0x7599f328ad00           ISETP.GT.AND P2, PT, R11, 0x180, PT                      0      0      0      1024   1024   1024   1      1      1      31     0      -      -      -      0      0      0      0      0      0      0      0      -      0      0      0      0      0      0      0      0      0      0      0      0      0      0      0      0      0      0      0      0      0      0      0      0      0      0      0      0      0      0      0      0      0      0      0      0      0      0      0      0      0      0     
0x7599f328ad10     @P4   FADD R10, R10, R21                                       0      0      0      1024   1024   0      1      0      1      32     0      -      -      -      0      0      0      0      0      0      0      0      -      0      0      0      0      0      0      0      0      0      0      0      0      0      0      0      0      0      0      0      0      0      0      0      0      0      0      0      0      0      0      0      0      0      0      0      0      0      0      0      0      0      0     
0x7599f328ad20           ISETP.GT.AND P4, PT, R11, 0x1a0, PT                      0      0      0      1024   1024   1024   1      1      1      31     0      -      -      -      0      0      0      0      0      0      0      0      -      0      0      0      0      0      0      0      0      0      0      0      0      0      0      0      0      0      0      0      0      0      0      0      0      0      0      0      0      0      0      0      0      0      0      0      0      0      0      0      0      0      0     
0x7599f328ad30     @P3   FADD R10, R10, R22                                       1      0      1      1024   1024   0      1      0      1      32     0      -      -      -      0      0      0      0      0      0      0      0      -      0      0      0      0      0      0      0      0      0      0      0      0      0      0      0      0      0      0      0      0      0      0      0      1      0      0      0      0      0      0      0      0      0      0      0      0      0      0      0      0      0      0     
0x7599f328ad40           ISETP.GT.AND P3, PT, R11, 0x1c0, PT                      0      0      0      1024   1024   1024   1      1      1      31     0      -      -      -      0      0      0      0      0      0      0      0      -      0      0      0      0      0      0      0      0      0      0      0      0      0      0      0      0      0      0      0      0      0      0      0      0      0      0      0      0      0      0      0      0      0      0      0      0      0      0      0      0      0      0     
0x7599f328ad50     @P0   FADD R10, R10, R23                                       0      0      0      1024   1024   0      1      0      1      32     0      -      -      -      0      0      0      0      0      0      0      0      -      0      0      0      0      0      0      0      0      0      0      0      0      0      0      0      0      0      0      0      0      0      0      0      0      0      0      0      0      0      0      0      0      0      0      0      0      0      0      0      0      0      0     
0x7599f328ad60           ISETP.GT.AND P0, PT, R11, 0x1e0, PT                      0      0      0      1024   1024   1024   1      1      1      31     0      -      -      -      0      0      0      0      0      0      0      0      -      0      0      0      0      0      0      0      0      0      0      0      0      0      0      0      0      0      0      0      0      0      0      0      0      0      0      0      0      0      0      0      0      0      0      0      0      0      0      0      0      0      0     
0x7599f328ad70           LDS.128 R20, [0x80]                                      0      0      0      1024   1024   1024   1      1      0      31     0      Shared Load   128    0      1      0      1024   1024   0      0      0      -      0      0      0      0      0      0      0      0      0      0      0      0      0      0      0      0      0      0      0      0      0      0      0      0      0      0      0      0      0      0      0      0      0      0      0      0      0      0      0      0      0      0     
0x7599f328ad80     @P2   FADD R10, R10, R4                                        0      0      0      1024   1024   0      1      0      1      32     0      -      -      -      0      0      0      0      0      0      0      0      -      0      0      0      0      0      0      0      0      0      0      0      0      0      0      0      0      0      0      0      0      0      0      0      0      0      0      0      0      0      0      0      0      0      0      0      0      0      0      0      0      0      0     
0x7599f328ad90           ISETP.GT.AND P2, PT, R11, 0x200, PT                      0      0      0      1024   1024   1024   1      1      1      31     0      -      -      -      0      0      0      0      0      0      0      0      -      0      0      0      0      0      0      0      0      0      0      0      0      0      0      0      0      0      0      0      0      0      0      0      0      0      0      0      0      0      0      0      0      0      0      0      0      0      0      0      0      0      0     
0x7599f328ada0     @P4   FADD R10, R10, R5                                        0      0      0      1024   1024   0      1      0      1      32     0      -      -      -      0      0      0      0      0      0      0      0      -      0      0      0      0      0      0      0      0      0      0      0      0      0      0      0      0      0      0      0      0      0      0      0      0      0      0      0      0      0      0      0      0      0      0      0      0      0      0      0      0      0      0     
0x7599f328adb0           ISETP.GT.AND P4, PT, R11, 0x220, PT                      0      0      0      1024   1024   1024   1      1      1      31     0      -      -      -      0      0      0      0      0      0      0      0      -      0      0      0      0      0      0      0      0      0      0      0      0      0      0      0      0      0      0      0      0      0      0      0      0      0      0      0      0      0      0      0      0      0      0      0      0      0      0      0      0      0      0     
0x7599f328adc0     @P3   FADD R10, R10, R6                                        0      0      0      1024   1024   0      1      0      1      32     0      -      -      -      0      0      0      0      0      0      0      0      -      0      0      0      0      0      0      0      0      0      0      0      0      0      0      0      0      0      0      0      0      0      0      0      0      0      0      0      0      0      0      0      0      0      0      0      0      0      0      0      0      0      0     
0x7599f328add0           ISETP.GT.AND P3, PT, R11, 0x240, PT                      0      0      0      1024   1024   1024   1      1      1      31     0      -      -      -      0      0      0      0      0      0      0      0      -      0      0      0      0      0      0      0      0      0      0      0      0      0      0      0      0      0      0      0      0      0      0      0      0      0      0      0      0      0      0      0      0      0      0      0      0      0      0      0      0      0      0     
0x7599f328ade0     @P0   FADD R10, R10, R7                                        0      0      0      1024   1024   0      1      0      1      32     0      -      -      -      0      0      0      0      0      0      0      0      -      0      0      0      0      0      0      0      0      0      0      0      0      0      0      0      0      0      0      0      0      0      0      0      0      0      0      0      0      0      0      0      0      0      0      0      0      0      0      0      0      0      0     
0x7599f328adf0           ISETP.GT.AND P0, PT, R11, 0x260, PT                      0      0      0      1024   1024   1024   1      1      1      31     0      -      -      -      0      0      0      0      0      0      0      0      -      0      0      0      0      0      0      0      0      0      0      0      0      0      0      0      0      0      0      0      0      0      0      0      0      0      0      0      0      0      0      0      0      0      0      0      0      0      0      0      0      0      0     
0x7599f328ae00           LDS.128 R4, [0x90]                                       0      0      0      1024   1024   1024   1      1      0      31     0      Shared Load   128    0      1      0      1024   1024   0      0      0      -      0      0      0      0      0      0      0      0      0      0      0      0      0      0      0      0      0      0      0      0      0      0      0      0      0      0      0      0      0      0      0      0      0      0      0      0      0      0      0      0      0      0     
0x7599f328ae10     @P2   FADD R10, R10, R12                                       0      0      0      1024   1024   0      1      0      1      32     0      -      -      -      0      0      0      0      0      0      0      0      -      0      0      0      0      0      0      0      0      0      0      0      0      0      0      0      0      0      0      0      0      0      0      0      0      0      0      0      0      0      0      0      0      0      0      0      0      0      0      0      0      0      0     
0x7599f328ae20           ISETP.GT.AND P2, PT, R11, 0x280, PT                      0      0      0      1024   1024   1024   1      1      1      31     0      -      -      -      0      0      0      0      0      0      0      0      -      0      0      0      0      0      0      0      0      0      0      0      0      0      0      0      0      0      0      0      0      0      0      0      0      0      0      0      0      0      0      0      0      0      0      0      0      0      0      0      0      0      0     
0x7599f328ae30     @P4   FADD R10, R10, R13                                       0      0      0      1024   1024   0      1      0      1      32     0      -      -      -      0      0      0      0      0      0      0      0      -      0      0      0      0      0      0      0      0      0      0      0      0      0      0      0      0      0      0      0      0      0      0      0      0      0      0      0      0      0      0      0      0      0      0      0      0      0      0      0      0      0      0     
0x7599f328ae40           ISETP.GT.AND P4, PT, R11, 0x2a0, PT                      0      0      0      1024   1024   1024   1      1      1      31     0      -      -      -      0      0      0      0      0      0      0      0      -      0      0      0      0      0      0      0      0      0      0      0      0      0      0      0      0      0      0      0      0      0      0      0      0      0      0      0      0      0      0      0      0      0      0      0      0      0      0      0      0      0      0     
0x7599f328ae50     @P3   FADD R10, R10, R14                                       0      0      0      1024   1024   0      1      0      1      32     0      -      -      -      0      0      0      0      0      0      0      0      -      0      0      0      0      0      0      0      0      0      0      0      0      0      0      0      0      0      0      0      0      0      0      0      0      0      0      0      0      0      0      0      0      0      0      0      0      0      0      0      0      0      0     
0x7599f328ae60           ISETP.GT.AND P3, PT, R11, 0x2c0, PT                      0      0      0      1024   1024   1024   1      1      1      31     0      -      -      -      0      0      0      0      0      0      0      0      -      0      0      0      0      0      0      0      0      0      0      0      0      0      0      0      0      0      0      0      0      0      0      0      0      0      0      0      0      0      0      0      0      0      0      0      0      0      0      0      0      0      0     
0x7599f328ae70     @P0   FADD R10, R10, R15                                       0      0      0      1024   1024   0      1      0      1      32     0      -      -      -      0      0      0      0      0      0      0      0      -      0      0      0      0      0      0      0      0      0      0      0      0      0      0      0      0      0      0      0      0      0      0      0      0      0      0      0      0      0      0      0      0      0      0      0      0      0      0      0      0      0      0     
0x7599f328ae80           ISETP.GT.AND P0, PT, R11, 0x2e0, PT                      0      0      0      1024   1024   1024   1      1      1      31     0      -      -      -      0      0      0      0      0      0      0      0      -      0      0      0      0      0      0      0      0      0      0      0      0      0      0      0      0      0      0      0      0      0      0      0      0      0      0      0      0      0      0      0      0      0      0      0      0      0      0      0      0      0      0     
0x7599f328ae90     @P2   FADD R10, R10, R16                                       1      1      1      1024   1024   0      1      0      1      32     0      -      -      -      0      0      0      0      0      0      0      0      -      0      0      0      0      0      0      0      0      0      0      0      0      0      0      0      0      0      0      0      0      0      0      0      1      0      0      0      0      0      0      0      0      0      0      0      0      0      0      0      0      0      1     
0x7599f328aea0           ISETP.GT.AND P2, PT, R11, 0x300, PT                      0      0      0      1024   1024   1024   1      1      1      31     0      -      -      -      0      0      0      0      0      0      0      0      -      0      0      0      0      0      0      0      0      0      0      0      0      0      0      0      0      0      0      0      0      0      0      0      0      0      0      0      0      0      0      0      0      0      0      0      0      0      0      0      0      0      0     
0x7599f328aeb0     @P4   FADD R10, R10, R17                                       0      0      0      1024   1024   0      1      0      1      32     0      -      -      -      0      0      0      0      0      0      0      0      -      0      0      0      0      0      0      0      0      0      0      0      0      0      0      0      0      0      0      0      0      0      0      0      0      0      0      0      0      0      0      0      0      0      0      0      0      0      0      0      0      0      0     
0x7599f328aec0           ISETP.GT.AND P4, PT, R11, 0x320, PT                      0      0      0      1024   1024   1024   1      1      1      31     0      -      -      -      0      0      0      0      0      0      0      0      -      0      0      0      0      0      0      0      0      0      0      0      0      0      0      0      0      0      0      0      0      0      0      0      0      0      0      0      0      0      0      0      0      0      0      0      0      0      0      0      0      0      0     
0x7599f328aed0     @P3   FADD R10, R10, R18                                       0      0      0      1024   1024   0      1      0      1      32     0      -      -      -      0      0      0      0      0      0      0      0      -      0      0      0      0      0      0      0      0      0      0      0      0      0      0      0      0      0      0      0      0      0      0      0      0      0      0      0      0      0      0      0      0      0      0      0      0      0      0      0      0      0      0     
0x7599f328aee0           ISETP.GT.AND P3, PT, R11, 0x340, PT                      0      0      0      1024   1024   1024   1      1      1      31     0      -      -      -      0      0      0      0      0      0      0      0      -      0      0      0      0      0      0      0      0      0      0      0      0      0      0      0      0      0      0      0      0      0      0      0      0      0      0      0      0      0      0      0      0      0      0      0      0      0      0      0      0      0      0     
0x7599f328aef0     @P0   FADD R10, R10, R19                                       0      0      0      1024   1024   0      1      0      1      32     0      -      -      -      0      0      0      0      0      0      0      0      -      0      0      0      0      0      0      0      0      0      0      0      0      0      0      0      0      0      0      0      0      0      0      0      0      0      0      0      0      0      0      0      0      0      0      0      0      0      0      0      0      0      0     
0x7599f328af00           ISETP.GT.AND P0, PT, R11, 0x360, PT                      0      0      0      1024   1024   1024   1      1      1      31     0      -      -      -      0      0      0      0      0      0      0      0      -      0      0      0      0      0      0      0      0      0      0      0      0      0      0      0      0      0      0      0      0      0      0      0      0      0      0      0      0      0      0      0      0      0      0      0      0      0      0      0      0      0      0     
0x7599f328af10     @P2   FADD R10, R10, R20                                       0      0      0      1024   1024   0      1      0      1      32     0      -      -      -      0      0      0      0      0      0      0      0      -      0      0      0      0      0      0      0      0      0      0      0      0      0      0      0      0      0      0      0      0      0      0      0      0      0      0      0      0      0      0      0      0      0      0      0      0      0      0      0      0      0      0     
0x7599f328af20           ISETP.GT.AND P2, PT, R11, 0x380, PT                      0      0      0      1024   1024   1024   1      1      1      31     0      -      -      -      0      0      0      0      0      0      0      0      -      0      0      0      0      0      0      0      0      0      0      0      0      0      0      0      0      0      0      0      0      0      0      0      0      0      0      0      0      0      0      0      0      0      0      0      0      0      0      0      0      0      0     
0x7599f328af30     @P4   FADD R10, R10, R21                                       0      0      0      1024   1024   0      1      0      1      32     0      -      -      -      0      0      0      0      0      0      0      0      -      0      0      0      0      0      0      0      0      0      0      0      0      0      0      0      0      0      0      0      0      0      0      0      0      0      0      0      0      0      0      0      0      0      0      0      0      0      0      0      0      0      0     
0x7599f328af40           ISETP.GT.AND P4, PT, R11, 0x3a0, PT                      0      0      0      1024   1024   1024   1      1      1      31     0      -      -      -      0      0      0      0      0      0      0      0      -      0      0      0      0      0      0      0      0      0      0      0      0      0      0      0      0      0      0      0      0      0      0      0      0      0      0      0      0      0      0      0      0      0      0      0      0      0      0      0      0      0      0     
0x7599f328af50     @P3   FADD R10, R10, R22                                       0      0      0      1024   1024   0      1      0      1      32     0      -      -      -      0      0      0      0      0      0      0      0      -      0      0      0      0      0      0      0      0      0      0      0      0      0      0      0      0      0      0      0      0      0      0      0      0      0      0      0      0      0      0      0      0      0      0      0      0      0      0      0      0      0      0     
0x7599f328af60           ISETP.GT.AND P3, PT, R11, 0x3c0, PT                      0      0      0      1024   1024   1024   1      1      1      31     0      -      -      -      0      0      0      0      0      0      0      0      -      0      0      0      0      0      0      0      0      0      0      0      0      0      0      0      0      0      0      0      0      0      0      0      0      0      0      0      0      0      0      0      0      0      0      0      0      0      0      0      0      0      0     
0x7599f328af70     @P0   FADD R10, R10, R23                                       0      0      0      1024   1024   0      1      0      1      32     0      -      -      -      0      0      0      0      0      0      0      0      -      0      0      0      0      0      0      0      0      0      0      0      0      0      0      0      0      0      0      0      0      0      0      0      0      0      0      0      0      0      0      0      0      0      0      0      0      0      0      0      0      0      0     
0x7599f328af80           ISETP.GT.AND P0, PT, R11, 0x3e0, PT                      0      0      0      1024   1024   1024   1      1      1      31     0      -      -      -      0      0      0      0      0      0      0      0      -      0      0      0      0      0      0      0      0      0      0      0      0      0      0      0      0      0      0      0      0      0      0      0      0      0      0      0      0      0      0      0      0      0      0      0      0      0      0      0      0      0      0     
0x7599f328af90     @P2   FADD R10, R10, R4                                        0      0      0      1024   1024   0      1      0      1      32     0      -      -      -      0      0      0      0      0      0      0      0      -      0      0      0      0      0      0      0      0      0      0      0      0      0      0      0      0      0      0      0      0      0      0      0      0      0      0      0      0      0      0      0      0      0      0      0      0      0      0      0      0      0      0     
0x7599f328afa0     @P4   FADD R10, R10, R5                                        0      0      0      1024   1024   0      1      0      0      32     0      -      -      -      0      0      0      0      0      0      0      0      -      0      0      0      0      0      0      0      0      0      0      0      0      0      0      0      0      0      0      0      0      0      0      0      0      0      0      0      0      0      0      0      0      0      0      0      0      0      0      0      0      0      0     
0x7599f328afb0     @P3   FADD R10, R10, R6                                        0      0      0      1024   1024   0      1      0      0      32     0      -      -      -      0      0      0      0      0      0      0      0      -      0      0      0      0      0      0      0      0      0      0      0      0      0      0      0      0      0      0      0      0      0      0      0      0      0      0      0      0      0      0      0      0      0      0      0      0      0      0      0      0      0      0     
0x7599f328afc0     @P0   FADD R10, R10, R7                                        1      0      1      1024   1024   0      1      0      0      32     0      -      -      -      0      0      0      0      0      0      0      0      -      0      0      0      0      0      0      0      0      0      0      0      0      0      0      0      0      0      0      0      0      0      0      0      1      0      0      0      0      0      0      0      0      0      0      0      0      0      0      0      0      0      0     
0x7599f328afd0           BRA 0x7599f328b370                                       0      0      0      1024   1024   1024   1      1      1      31     0      -      -      -      0      0      0      0      0      0      0      0      -      0      0      0      0      0      0      0      0      0      0      0      0      0      0      0      0      0      0      0      0      0      0      0      0      0      0      0      0      0      0      0      0      0      0      0      0      0      0      0      0      0      0     
0x7599f328afe0           SHFL.DOWN P0, R0, R13, 0x1, 0x1f                         1      1      1      0      0      0      0      0      1      32     0      -      -      -      0      0      0      0      0      0      0      0      -      0      0      0      0      0      0      0      0      0      0      0      0      0      0      0      0      0      0      0      0      0      0      0      1      0      0      0      0      0      0      0      0      0      0      0      0      0      0      0      0      0      1     
0x7599f328aff0           S2R R6, SR_LANEID                                        0      0      0      0      0      0      0      0      0      32     0      -      -      -      0      0      0      0      0      0      0      0      -      0      0      0      0      0      0      0      0      0      0      0      0      0      0      0      0      0      0      0      0      0      0      0      0      0      0      0      0      0      0      0      0      0      0      0      0      0      0      0      0      0      0     
0x7599f328b000     @P0   FADD R0, R13, R0                                         0      0      0      0      0      0      0      0      0      32     0      -      -      -      0      0      0      0      0      0      0      0      -      0      0      0      0      0      0      0      0      0      0      0      0      0      0      0      0      0      0      0      0      0      0      0      0      0      0      0      0      0      0      0      0      0      0      0      0      0      0      0      0      0      0     
0x7599f328b010           ISETP.NE.AND P2, PT, R6, RZ, PT                          0      0      0      0      0      0      0      0      0      32     0      -      -      -      0      0      0      0      0      0      0      0      -      0      0      0      0      0      0      0      0      0      0      0      0      0      0      0      0      0      0      0      0      0      0      0      0      0      0      0      0      0      0      0      0      0      0      0      0      0      0      0      0      0      0     
0x7599f328b020           SHFL.DOWN P0, R3, R0, 0x2, 0x1f                          0      0      0      0      0      0      0      0      0      32     0      -      -      -      0      0      0      0      0      0      0      0      -      0      0      0      0      0      0      0      0      0      0      0      0      0      0      0      0      0      0      0      0      0      0      0      0      0      0      0      0      0      0      0      0      0      0      0      0      0      0      0      0      0      0     
0x7599f328b030     @!P2  SHF.R.S32.HI R7, RZ, 0x1f, R8                            0      0      0      0      0      0      0      0      0      32     0      -      -      -      0      0      0      0      0      0      0      0      -      0      0      0      0      0      0      0      0      0      0      0      0      0      0      0      0      0      0      0      0      0      0      0      0      0      0      0      0      0      0      0      0      0      0      0      0      0      0      0      0      0      0     
0x7599f328b040     @!P2  LEA.HI R7, R7, R8, RZ, 0x5                               0      0      0      0      0      0      0      0      0      32     0      -      -      -      0      0      0      0      0      0      0      0      -      0      0      0      0      0      0      0      0      0      0      0      0      0      0      0      0      0      0      0      0      0      0      0      0      0      0      0      0      0      0      0      0      0      0      0      0      0      0      0      0      0      0     
0x7599f328b050     @!P2  SHF.R.S32.HI R7, RZ, 0x5, R7                             0      0      0      0      0      0      0      0      0      32     0      -      -      -      0      0      0      0      0      0      0      0      -      0      0      0      0      0      0      0      0      0      0      0      0      0      0      0      0      0      0      0      0      0      0      0      0      0      0      0      0      0      0      0      0      0      0      0      0      0      0      0      0      0      0     
0x7599f328b060     @P0   FADD R3, R0, R3                                          0      0      0      0      0      0      0      0      0      32     0      -      -      -      0      0      0      0      0      0      0      0      -      0      0      0      0      0      0      0      0      0      0      0      0      0      0      0      0      0      0      0      0      0      0      0      0      0      0      0      0      0      0      0      0      0      0      0      0      0      0      0      0      0      0     
0x7599f328b070           SHFL.DOWN P0, R4, R3, 0x4, 0x1f                          0      0      0      0      0      0      0      0      0      32     0      -      -      -      0      0      0      0      0      0      0      0      -      0      0      0      0      0      0      0      0      0      0      0      0      0      0      0      0      0      0      0      0      0      0      0      0      0      0      0      0      0      0      0      0      0      0      0      0      0      0      0      0      0      0     
0x7599f328b080     @P0   FADD R4, R3, R4                                          0      0      0      0      0      0      0      0      0      32     0      -      -      -      0      0      0      0      0      0      0      0      -      0      0      0      0      0      0      0      0      0      0      0      0      0      0      0      0      0      0      0      0      0      0      0      0      0      0      0      0      0      0      0      0      0      0      0      0      0      0      0      0      0      0     
0x7599f328b090           SHFL.DOWN P0, R5, R4, 0x8, 0x1f                          0      0      0      0      0      0      0      0      0      32     0      -      -      -      0      0      0      0      0      0      0      0      -      0      0      0      0      0      0      0      0      0      0      0      0      0      0      0      0      0      0      0      0      0      0      0      0      0      0      0      0      0      0      0      0      0      0      0      0      0      0      0      0      0      0     
0x7599f328b0a0     @P0   FADD R5, R4, R5                                          0      0      0      0      0      0      0      0      0      32     0      -      -      -      0      0      0      0      0      0      0      0      -      0      0      0      0      0      0      0      0      0      0      0      0      0      0      0      0      0      0      0      0      0      0      0      0      0      0      0      0      0      0      0      0      0      0      0      0      0      0      0      0      0      0     
0x7599f328b0b0           SHFL.DOWN P0, R10, R5, 0x10, 0x1f                        0      0      0      0      0      0      0      0      0      32     0      -      -      -      0      0      0      0      0      0      0      0      -      0      0      0      0      0      0      0      0      0      0      0      0      0      0      0      0      0      0      0      0      0      0      0      0      0      0      0      0      0      0      0      0      0      0      0      0      0      0      0      0      0      0     
0x7599f328b0c0     @P0   FADD R10, R5, R10                                        0      0      0      0      0      0      0      0      0      32     0      -      -      -      0      0      0      0      0      0      0      0      -      0      0      0      0      0      0      0      0      0      0      0      0      0      0      0      0      0      0      0      0      0      0      0      0      0      0      0      0      0      0      0      0      0      0      0      0      0      0      0      0      0      0     
0x7599f328b0d0     @!P2  STS [R7.X4+0x20], R10                                    0      0      0      0      0      0      0      0      0      32     0                           0      0      0      0      0      0      0      0      -      0      0      0      0      0      0      0      0      0      0      0      0      0      0      0      0      0      0      0      0      0      0      0      0      0      0      0      0      0      0      0      0      0      0      0      0      0      0      0      0      0      0     
0x7599f328b0e0           BAR.SYNC.DEFER_BLOCKING 0x0                              0      0      0      0      0      0      0      0      0      32     0      -      -      -      0      0      0      0      0      0      0      0      -      0      0      0      0      0      0      0      0      0      0      0      0      0      0      0      0      0      0      0      0      0      0      0      0      0      0      0      0      0      0      0      0      0      0      0      0      0      0      0      0      0      0     
0x7599f328b0f0     @P3   BRA 0x7599f328b370                                       0      0      0      0      0      0      0      0      0      32     0      -      -      -      0      0      0      0      0      0      0      0      -      0      0      0      0      0      0      0      0      0      0      0      0      0      0      0      0      0      0      0      0      0      0      0      0      0      0      0      0      0      0      0      0      0      0      0      0      0      0      0      0      0      0     
0x7599f328b100           LDS.128 R16, [0x20]                                      0      0      0      0      0      0      0      0      0      32     0                           0      0      0      0      0      0      0      0      -      0      0      0      0      0      0      0      0      0      0      0      0      0      0      0      0      0      0      0      0      0      0      0      0      0      0      0      0      0      0      0      0      0      0      0      0      0      0      0      0      0      0     
0x7599f328b110           LDS.128 R12, [0x30]                                      0      0      0      0      0      0      0      0      0      32     0                           0      0      0      0      0      0      0      0      -      0      0      0      0      0      0      0      0      0      0      0      0      0      0      0      0      0      0      0      0      0      0      0      0      0      0      0      0      0      0      0      0      0      0      0      0      0      0      0      0      0      0     
0x7599f328b120           LDS.128 R4, [0x40]                                       0      0      0      0      0      0      0      0      0      32     0                           0      0      0      0      0      0      0      0      -      0      0      0      0      0      0      0      0      0      0      0      0      0      0      0      0      0      0      0      0      0      0      0      0      0      0      0      0      0      0      0      0      0      0      0      0      0      0      0      0      0      0     
0x7599f328b130           FADD R3, R10, R17                                        0      0      0      0      0      0      0      0      0      32     0      -      -      -      0      0      0      0      0      0      0      0      -      0      0      0      0      0      0      0      0      0      0      0      0      0      0      0      0      0      0      0      0      0      0      0      0      0      0      0      0      0      0      0      0      0      0      0      0      0      0      0      0      0      0     
0x7599f328b140           LDS.128 R8, [0x50]                                       0      0      0      0      0      0      0      0      0      32     0                           0      0      0      0      0      0      0      0      -      0      0      0      0      0      0      0      0      0      0      0      0      0      0      0      0      0      0      0      0      0      0      0      0      0      0      0      0      0      0      0      0      0      0      0      0      0      0      0      0      0      0     
0x7599f328b150           FADD R0, R3, R18                                         0      0      0      0      0      0      0      0      0      32     0      -      -      -      0      0      0      0      0      0      0      0      -      0      0      0      0      0      0      0      0      0      0      0      0      0      0      0      0      0      0      0      0      0      0      0      0      0      0      0      0      0      0      0      0      0      0      0      0      0      0      0      0      0      0     
0x7599f328b160           FADD R3, R0, R19                                         0      0      0      0      0      0      0      0      0      32     0      -      -      -      0      0      0      0      0      0      0      0      -      0      0      0      0      0      0      0      0      0      0      0      0      0      0      0      0      0      0      0      0      0      0      0      0      0      0      0      0      0      0      0      0      0      0      0      0      0      0      0      0      0      0     
0x7599f328b170           LDS.128 R16, [0x60]                                      0      0      0      0      0      0      0      0      0      32     0                           0      0      0      0      0      0      0      0      -      0      0      0      0      0      0      0      0      0      0      0      0      0      0      0      0      0      0      0      0      0      0      0      0      0      0      0      0      0      0      0      0      0      0      0      0      0      0      0      0      0      0     
0x7599f328b180           FADD R12, R3, R12                                        0      0      0      0      0      0      0      0      0      32     0      -      -      -      0      0      0      0      0      0      0      0      -      0      0      0      0      0      0      0      0      0      0      0      0      0      0      0      0      0      0      0      0      0      0      0      0      0      0      0      0      0      0      0      0      0      0      0      0      0      0      0      0      0      0     
0x7599f328b190           FADD R13, R12, R13                                       0      0      0      0      0      0      0      0      0      32     0      -      -      -      0      0      0      0      0      0      0      0      -      0      0      0      0      0      0      0      0      0      0      0      0      0      0      0      0      0      0      0      0      0      0      0      0      0      0      0      0      0      0      0      0      0      0      0      0      0      0      0      0      0      0     
0x7599f328b1a0           FADD R14, R13, R14                                       0      0      0      0      0      0      0      0      0      32     0      -      -      -      0      0      0      0      0      0      0      0      -      0      0      0      0      0      0      0      0      0      0      0      0      0      0      0      0      0      0      0      0      0      0      0      0      0      0      0      0      0      0      0      0      0      0      0      0      0      0      0      0      0      0     
0x7599f328b1b0           FADD R15, R14, R15                                       0      0      0      0      0      0      0      0      0      32     0      -      -      -      0      0      0      0      0      0      0      0      -      0      0      0      0      0      0      0      0      0      0      0      0      0      0      0      0      0      0      0      0      0      0      0      0      0      0      0      0      0      0      0      0      0      0      0      0      0      0      0      0      0      0     
0x7599f328b1c0           FADD R4, R15, R4                                         0      0      0      0      0      0      0      0      0      32     0      -      -      -      0      0      0      0      0      0      0      0      -      0      0      0      0      0      0      0      0      0      0      0      0      0      0      0      0      0      0      0      0      0      0      0      0      0      0      0      0      0      0      0      0      0      0      0      0      0      0      0      0      0      0     
0x7599f328b1d0           LDS.128 R12, [0x70]                                      0      0      0      0      0      0      0      0      0      32     0                           0      0      0      0      0      0      0      0      -      0      0      0      0      0      0      0      0      0      0      0      0      0      0      0      0      0      0      0      0      0      0      0      0      0      0      0      0      0      0      0      0      0      0      0      0      0      0      0      0      0      0     
0x7599f328b1e0           FADD R5, R4, R5                                          0      0      0      0      0      0      0      0      0      32     0      -      -      -      0      0      0      0      0      0      0      0      -      0      0      0      0      0      0      0      0      0      0      0      0      0      0      0      0      0      0      0      0      0      0      0      0      0      0      0      0      0      0      0      0      0      0      0      0      0      0      0      0      0      0     
0x7599f328b1f0           FADD R6, R5, R6                                          0      0      0      0      0      0      0      0      0      32     0      -      -      -      0      0      0      0      0      0      0      0      -      0      0      0      0      0      0      0      0      0      0      0      0      0      0      0      0      0      0      0      0      0      0      0      0      0      0      0      0      0      0      0      0      0      0      0      0      0      0      0      0      0      0     
0x7599f328b200           FADD R7, R6, R7                                          0      0      0      0      0      0      0      0      0      32     0      -      -      -      0      0      0      0      0      0      0      0      -      0      0      0      0      0      0      0      0      0      0      0      0      0      0      0      0      0      0      0      0      0      0      0      0      0      0      0      0      0      0      0      0      0      0      0      0      0      0      0      0      0      0     
0x7599f328b210           FADD R8, R7, R8                                          0      0      0      0      0      0      0      0      0      32     0      -      -      -      0      0      0      0      0      0      0      0      -      0      0      0      0      0      0      0      0      0      0      0      0      0      0      0      0      0      0      0      0      0      0      0      0      0      0      0      0      0      0      0      0      0      0      0      0      0      0      0      0      0      0     
0x7599f328b220           LDS.128 R4, [0x80]                                       0      0      0      0      0      0      0      0      0      32     0                           0      0      0      0      0      0      0      0      -      0      0      0      0      0      0      0      0      0      0      0      0      0      0      0      0      0      0      0      0      0      0      0      0      0      0      0      0      0      0      0      0      0      0      0      0      0      0      0      0      0      0     
0x7599f328b230           FADD R9, R8, R9                                          0      0      0      0      0      0      0      0      0      32     0      -      -      -      0      0      0      0      0      0      0      0      -      0      0      0      0      0      0      0      0      0      0      0      0      0      0      0      0      0      0      0      0      0      0      0      0      0      0      0      0      0      0      0      0      0      0      0      0      0      0      0      0      0      0     
0x7599f328b240           FADD R10, R9, R10                                        0      0      0      0      0      0      0      0      0      32     0      -      -      -      0      0      0      0      0      0      0      0      -      0      0      0      0      0      0      0      0      0      0      0      0      0      0      0      0      0      0      0      0      0      0      0      0      0      0      0      0      0      0      0      0      0      0      0      0      0      0      0      0      0      0     
0x7599f328b250           FADD R11, R10, R11                                       0      0      0      0      0      0      0      0      0      32     0      -      -      -      0      0      0      0      0      0      0      0      -      0      0      0      0      0      0      0      0      0      0      0      0      0      0      0      0      0      0      0      0      0      0      0      0      0      0      0      0      0      0      0      0      0      0      0      0      0      0      0      0      0      0     
0x7599f328b260           FADD R16, R11, R16                                       0      0      0      0      0      0      0      0      0      32     0      -      -      -      0      0      0      0      0      0      0      0      -      0      0      0      0      0      0      0      0      0      0      0      0      0      0      0      0      0      0      0      0      0      0      0      0      0      0      0      0      0      0      0      0      0      0      0      0      0      0      0      0      0      0     
0x7599f328b270           LDS.128 R8, [0x90]                                       0      0      0      0      0      0      0      0      0      32     0                           0      0      0      0      0      0      0      0      -      0      0      0      0      0      0      0      0      0      0      0      0      0      0      0      0      0      0      0      0      0      0      0      0      0      0      0      0      0      0      0      0      0      0      0      0      0      0      0      0      0      0     
0x7599f328b280           FADD R17, R16, R17                                       0      0      0      0      0      0      0      0      0      32     0      -      -      -      0      0      0      0      0      0      0      0      -      0      0      0      0      0      0      0      0      0      0      0      0      0      0      0      0      0      0      0      0      0      0      0      0      0      0      0      0      0      0      0      0      0      0      0      0      0      0      0      0      0      0     
0x7599f328b290           FADD R18, R17, R18                                       0      0      0      0      0      0      0      0      0      32     0      -      -      -      0      0      0      0      0      0      0      0      -      0      0      0      0      0      0      0      0      0      0      0      0      0      0      0      0      0      0      0      0      0      0      0      0      0      0      0      0      0      0      0      0      0      0      0      0      0      0      0      0      0      0     
0x7599f328b2a0           FADD R19, R18, R19                                       0      0      0      0      0      0      0      0      0      32     0      -      -      -      0      0      0      0      0      0      0      0      -      0      0      0      0      0      0      0      0      0      0      0      0      0      0      0      0      0      0      0      0      0      0      0      0      0      0      0      0      0      0      0      0      0      0      0      0      0      0      0      0      0      0     
0x7599f328b2b0           FADD R12, R19, R12                                       0      0      0      0      0      0      0      0      0      32     0      -      -      -      0      0      0      0      0      0      0      0      -      0      0      0      0      0      0      0      0      0      0      0      0      0      0      0      0      0      0      0      0      0      0      0      0      0      0      0      0      0      0      0      0      0      0      0      0      0      0      0      0      0      0     
0x7599f328b2c0           FADD R13, R12, R13                                       0      0      0      0      0      0      0      0      0      32     0      -      -      -      0      0      0      0      0      0      0      0      -      0      0      0      0      0      0      0      0      0      0      0      0      0      0      0      0      0      0      0      0      0      0      0      0      0      0      0      0      0      0      0      0      0      0      0      0      0      0      0      0      0      0     
0x7599f328b2d0           FADD R14, R13, R14                                       0      0      0      0      0      0      0      0      0      32     0      -      -      -      0      0      0      0      0      0      0      0      -      0      0      0      0      0      0      0      0      0      0      0      0      0      0      0      0      0      0      0      0      0      0      0      0      0      0      0      0      0      0      0      0      0      0      0      0      0      0      0      0      0      0     
0x7599f328b2e0           FADD R15, R14, R15                                       0      0      0      0      0      0      0      0      0      32     0      -      -      -      0      0      0      0      0      0      0      0      -      0      0      0      0      0      0      0      0      0      0      0      0      0      0      0      0      0      0      0      0      0      0      0      0      0      0      0      0      0      0      0      0      0      0      0      0      0      0      0      0      0      0     
0x7599f328b2f0           FADD R4, R15, R4                                         0      0      0      0      0      0      0      0      0      32     0      -      -      -      0      0      0      0      0      0      0      0      -      0      0      0      0      0      0      0      0      0      0      0      0      0      0      0      0      0      0      0      0      0      0      0      0      0      0      0      0      0      0      0      0      0      0      0      0      0      0      0      0      0      0     
0x7599f328b300           FADD R5, R4, R5                                          0      0      0      0      0      0      0      0      0      32     0      -      -      -      0      0      0      0      0      0      0      0      -      0      0      0      0      0      0      0      0      0      0      0      0      0      0      0      0      0      0      0      0      0      0      0      0      0      0      0      0      0      0      0      0      0      0      0      0      0      0      0      0      0      0     
0x7599f328b310           FADD R6, R5, R6                                          0      0      0      0      0      0      0      0      0      32     0      -      -      -      0      0      0      0      0      0      0      0      -      0      0      0      0      0      0      0      0      0      0      0      0      0      0      0      0      0      0      0      0      0      0      0      0      0      0      0      0      0      0      0      0      0      0      0      0      0      0      0      0      0      0     
0x7599f328b320           FADD R7, R6, R7                                          0      0      0      0      0      0      0      0      0      32     0      -      -      -      0      0      0      0      0      0      0      0      -      0      0      0      0      0      0      0      0      0      0      0      0      0      0      0      0      0      0      0      0      0      0      0      0      0      0      0      0      0      0      0      0      0      0      0      0      0      0      0      0      0      0     
0x7599f328b330           FADD R8, R7, R8                                          0      0      0      0      0      0      0      0      0      32     0      -      -      -      0      0      0      0      0      0      0      0      -      0      0      0      0      0      0      0      0      0      0      0      0      0      0      0      0      0      0      0      0      0      0      0      0      0      0      0      0      0      0      0      0      0      0      0      0      0      0      0      0      0      0     
0x7599f328b340           FADD R9, R8, R9                                          0      0      0      0      0      0      0      0      0      32     0      -      -      -      0      0      0      0      0      0      0      0      -      0      0      0      0      0      0      0      0      0      0      0      0      0      0      0      0      0      0      0      0      0      0      0      0      0      0      0      0      0      0      0      0      0      0      0      0      0      0      0      0      0      0     
0x7599f328b350           FADD R10, R9, R10                                        0      0      0      0      0      0      0      0      0      32     0      -      -      -      0      0      0      0      0      0      0      0      -      0      0      0      0      0      0      0      0      0      0      0      0      0      0      0      0      0      0      0      0      0      0      0      0      0      0      0      0      0      0      0      0      0      0      0      0      0      0      0      0      0      0     
0x7599f328b360           FADD R10, R10, R11                                       0      0      0      0      0      0      0      0      0      32     0      -      -      -      0      0      0      0      0      0      0      0      -      0      0      0      0      0      0      0      0      0      0      0      0      0      0      0      0      0      0      0      0      0      0      0      0      0      0      0      0      0      0      0      0      0      0      0      0      0      0      0      0      0      0     
0x7599f328b370           BSYNC B0                                                 3      1      3      9216   262144 262144 28     28     28     4      0      -      -      -      0      0      0      0      0      0      0      0      -      0      0      0      0      0      0      0      0      0      0      0      0      0      0      0      0      0      2      1      0      0      0      0      0      0      0      0      0      0      0      0      0      0      0      0      1      0      0      0      0      0      0     
0x7599f328b380           I2F.U64 R5, c[0x0][0x188]                                7      2      7      8192   262144 262144 32     32     4      0      0      -      -      -      0      0      0      0      0      0      0      0      -      0      0      0      0      0      0      0      3      0      0      0      0      0      0      0      0      0      0      0      0      0      0      0      4      0      0      0      0      0      0      0      0      0      0      0      0      0      0      0      0      0      2     
0x7599f328b390           S2R R4, SR_TID.X                                         3      0      3      8192   262144 262144 32     32     0      0      0      -      -      -      0      0      0      0      0      0      0      0      -      0      0      0      0      0      0      0      0      0      0      0      0      0      0      0      0      0      0      1      2      0      0      0      0      0      0      0      0      0      0      0      0      0      0      0      0      0      0      0      0      0      0     
0x7599f328b3a0           BSSY B0, 0x7599f328b490                                  0      0      0      8192   262144 262144 32     32     0      0      0      -      -      -      0      0      0      0      0      0      0      0      -      0      0      0      0      0      0      0      0      0      0      0      0      0      0      0      0      0      0      0      0      0      0      0      0      0      0      0      0      0      0      0      0      0      0      0      0      0      0      0      0      0      0     
0x7599f328b3b0           MUFU.RCP R0, R5                                          21     9      21     8192   262144 262144 32     32     0      0      0      -      -      -      0      0      0      0      0      0      0      0      -      0      0      0      0      0      0      0      0      0      0      0      0      0      0      0      0      0      0      1      0      16     0      0      4      0      0      0      0      0      0      0      0      0      0      0      0      0      0      9      0      0      0     
0x7599f328b3c0           FCHK P0, R10, R5                                         2      1      2      8192   262144 262144 32     32     0      0      0      -      -      -      0      0      0      0      0      0      0      0      -      0      0      0      0      0      0      0      0      0      0      0      0      0      0      0      0      0      0      1      0      0      0      0      1      0      0      0      0      0      0      0      0      0      0      0      0      0      0      0      0      0      1     
0x7599f328b3d0           ISETP.NE.AND P3, PT, R4, RZ, PT                          1      0      1      8192   262144 262144 32     32     0      0      0      -      -      -      0      0      0      0      0      0      0      0      -      0      0      0      0      0      0      0      0      0      0      0      0      0      0      0      0      0      0      0      1      0      0      0      0      0      0      0      0      0      0      0      0      0      0      0      0      0      0      0      0      0      0     
0x7599f328b3e0           FFMA R3, -R5, R0, 1                                      1      0      1      8192   262144 262144 32     32     0      0      0      -      -      -      0      0      0      0      0      0      0      0      -      0      0      0      0      0      0      0      0      0      0      0      0      0      0      0      0      0      0      0      0      1      0      0      0      0      0      0      0      0      0      0      0      0      0      0      0      0      0      0      0      0      0     
0x7599f328b3f0           FFMA R0, R0, R3, R0                                      0      0      0      8192   262144 262144 32     32     0      0      0      -      -      -      0      0      0      0      0      0      0      0      -      0      0      0      0      0      0      0      0      0      0      0      0      0      0      0      0      0      0      0      0      0      0      0      0      0      0      0      0      0      0      0      0      0      0      0      0      0      0      0      0      0      0     
0x7599f328b400           FFMA R3, R0, R10, RZ                                     2      0      2      8192   262144 262144 32     32     0      0      0      -      -      -      0      0      0      0      0      0      0      0      -      0      0      0      0      0      0      0      0      0      0      0      0      0      0      0      0      0      0      1      1      0      0      0      0      0      0      0      0      0      0      0      0      0      0      0      0      0      0      0      0      0      0     
0x7599f328b410           FFMA R4, -R5, R3, R10                                    5      3      5      8192   262144 262144 32     32     0      0      0      -      -      -      0      0      0      0      0      0      0      0      -      0      0      0      0      0      0      0      0      0      0      0      0      0      0      0      0      0      0      0      0      0      0      0      5      0      0      0      0      0      0      0      0      0      0      0      0      0      0      0      0      0      3     
0x7599f328b420           FFMA R0, R0, R4, R3                                      2      1      2      8192   262144 262144 32     32     0      0      0      -      -      -      0      0      0      0      0      0      0      0      -      0      0      0      0      0      0      0      0      0      0      0      0      0      0      0      0      0      0      0      1      0      0      0      1      0      0      0      0      0      0      0      0      0      0      0      0      0      0      0      0      0      1     
0x7599f328b430     @!P0  BRA 0x7599f328b480                                       0      0      0      8192   262144 262144 32     32     0      0      0      -      -      -      0      0      0      0      0      0      0      0      -      0      0      0      0      0      0      0      0      0      0      0      0      0      0      0      0      0      0      0      0      0      0      0      0      0      0      0      0      0      0      0      0      0      0      0      0      0      0      0      0      0      0     
0x7599f328b440           MOV R0, R10                                              1      1      1      0      0      0      0      0      32     32     0      -      -      -      0      0      0      0      0      0      0      0      -      0      0      0      0      0      0      0      0      0      0      0      0      0      0      0      0      0      0      0      0      0      0      0      1      0      0      0      0      0      0      0      0      0      0      0      0      0      0      0      0      0      1     
0x7599f328b450           MOV R3, R5                                               0      0      0      0      0      0      0      0      0      32     0      -      -      -      0      0      0      0      0      0      0      0      -      0      0      0      0      0      0      0      0      0      0      0      0      0      0      0      0      0      0      0      0      0      0      0      0      0      0      0      0      0      0      0      0      0      0      0      0      0      0      0      0      0      0     
0x7599f328b460           MOV R4, 0x1b80                                           0      0      0      0      0      0      0      0      0      32     0      -      -      -      0      0      0      0      0      0      0      0      -      0      0      0      0      0      0      0      0      0      0      0      0      0      0      0      0      0      0      0      0      0      0      0      0      0      0      0      0      0      0      0      0      0      0      0      0      0      0      0      0      0      0     
0x7599f328b470           CALL.REL.NOINC 0x7599f328b7d0                            0      0      0      0      0      0      0      0      0      32     0      -      -      -      0      0      0      0      0      0      0      0      -      0      0      0      0      0      0      0      0      0      0      0      0      0      0      0      0      0      0      0      0      0      0      0      0      0      0      0      0      0      0      0      0      0      0      0      0      0      0      0      0      0      0     
0x7599f328b480           BSYNC B0                                                 0      0      0      8192   262144 262144 32     32     32     0      0      -      -      -      0      0      0      0      0      0      0      0      -      0      0      0      0      0      0      0      0      0      0      0      0      0      0      0      0      0      0      0      0      0      0      0      0      0      0      0      0      0      0      0      0      0      0      0      0      0      0      0      0      0      0     
0x7599f328b490     @!P3  FADD R0, R0, c[0x0][0x190]                               3      2      3      8192   262144 1024   32     0      32     32     0      -      -      -      0      0      0      0      0      0      0      0      -      0      0      0      0      0      0      0      2      0      0      0      0      0      0      0      0      0      0      1      0      0      0      0      0      0      2      0      0      0      0      0      0      0      0      0      0      0      0      0      0      0      0     
0x7599f328b4a0           PLOP3.LUT P0, PT, PT, PT, PT, 0x80, 0x0                  0      0      0      8192   262144 262144 32     32     32     0      0      -      -      -      0      0      0      0      0      0      0      0      -      0      0      0      0      0      0      0      0      0      0      0      0      0      0      0      0      0      0      0      0      0      0      0      0      0      0      0      0      0      0      0      0      0      0      0      0      0      0      0      0      0      0     
0x7599f328b4b0     @!P3  FSETP.GEU.AND P2, PT, |R0|, 1.175494350822287508e-38, PT 3      0      3      8192   262144 1024   32     0      32     32     0      -      -      -      0      0      0      0      0      0      0      0      -      0      0      0      0      0      0      0      0      0      0      0      0      0      0      0      0      0      0      2      0      0      0      0      1      0      0      0      0      0      0      0      0      0      0      0      0      0      0      0      0      0      0     
0x7599f328b4c0     @!P3  PLOP3.LUT P0, PT, P2, PT, PT, 0x80, 0x0                  1      0      1      8192   262144 1024   32     0      0      32     0      -      -      -      0      0      0      0      0      0      0      0      -      0      0      0      0      0      0      0      0      0      0      0      0      0      0      0      0      0      0      1      0      0      0      0      0      0      0      0      0      0      0      0      0      0      0      0      0      0      0      0      0      0      0     
0x7599f328b4d0     @!P0  FMUL R0, R0, 16777216                                    4      2      4      8192   262144 0      32     0      0      32     0      -      -      -      0      0      0      0      0      0      0      0      -      0      0      0      0      0      0      0      0      0      0      0      0      0      0      0      0      0      0      1      0      0      0      0      3      0      0      0      0      0      0      0      0      0      0      0      0      0      0      0      0      0      2     
0x7599f328b4e0     @!P3  MUFU.RSQ R3, R0                                          1      0      1      8192   262144 1024   32     0      0      32     0      -      -      -      0      0      0      0      0      0      0      0      -      0      0      0      0      0      0      0      0      0      0      0      0      0      0      0      0      0      0      0      0      0      0      0      1      0      0      0      0      0      0      0      0      0      0      0      0      0      0      0      0      0      0     
0x7599f328b4f0     @!P0  FMUL R3, R3, 4096                                        7      3      7      8192   262144 0      32     0      0      32     0      -      -      -      0      0      0      0      0      0      0      0      -      0      0      0      0      0      0      0      0      0      0      0      0      0      0      0      0      0      0      0      0      7      0      0      0      0      0      0      0      0      0      0      0      0      0      0      0      0      0      3      0      0      0     
0x7599f328b500     @!P3  STS [0xa8], R3                                           2      2      2      8192   262144 1024   32     0      0      32     0      Shared Store  32     0      0      0      1024   1024   0      0      0      -      0      0      0      0      0      0      0      0      0      0      0      0      0      0      0      0      0      0      0      0      0      0      0      2      0      0      0      0      0      0      0      0      0      0      0      0      0      0      0      0      0      2     
0x7599f328b510           BAR.SYNC.DEFER_BLOCKING 0x0                              2      1      2      8192   262144 262144 32     32     32     0      0      -      -      -      0      0      0      0      0      0      0      0      -      0      0      0      0      0      0      0      0      0      0      0      0      0      0      0      0      0      0      0      1      0      0      0      1      0      0      0      0      0      0      0      0      0      0      0      0      0      0      0      0      0      1     
0x7599f328b520     @!P1  EXIT                                                     40     22     40     8192   262144 0      32     0      32     32     0      -      -      -      0      0      0      0      0      0      0      0      -      0      0      0      0      0      0      38     0      0      0      0      0      0      0      0      0      0      0      0      0      0      0      0      2      20     0      0      0      0      0      0      0      0      0      0      0      0      0      0      0      0      2     
0x7599f328b530           LDS R0, [0xa4]                                           0      0      0      8192   262144 262144 32     32     32     0      0      Shared Load   32     0      1      0      8192   8192   0      0      0      -      0      0      0      0      0      0      0      0      0      0      0      0      0      0      0      0      0      0      0      0      0      0      0      0      0      0      0      0      0      0      0      0      0      0      0      0      0      0      0      0      0      0     
0x7599f328b540           MOV R16, RZ                                              0      0      0      8192   262144 262144 32     32     0      0      0      -      -      -      0      0      0      0      0      0      0      0      -      0      0      0      0      0      0      0      0      0      0      0      0      0      0      0      0      0      0      0      0      0      0      0      0      0      0      0      0      0      0      0      0      0      0      0      0      0      0      0      0      0      0     
0x7599f328b550           LDS R3, [0xa8]                                           3      0      3      8192   262144 262144 32     32     0      0      0      Shared Load   32     0      1      0      8192   8192   0      0      0      -      0      0      0      0      0      0      0      0      0      0      0      0      0      0      0      0      0      0      1      0      0      0      0      2      0      0      0      0      0      0      0      0      0      0      0      0      0      0      0      0      0      0     
0x7599f328b560           S2R R17, SR_TID.X                                        3      2      3      8192   262144 262144 32     32     0      0      0      -      -      -      0      0      0      0      0      0      0      0      -      0      0      0      0      0      0      0      0      0      0      0      0      0      0      0      1      0      0      0      0      0      0      0      2      0      0      0      0      0      0      0      0      0      1      0      0      0      0      0      0      0      1     
0x7599f328b570           SHF.L.U64.HI R19, R17, 0x2, R16                          12     7      12     16384  524288 524288 32     32     0      0      0      -      -      -      0      0      0      0      0      0      0      0      -      0      0      0      0      0      0      0      0      0      0      0      0      0      2      0      0      0      1      0      0      9      0      0      0      0      0      0      0      0      0      0      2      0      0      0      0      0      0      5      0      0      0     
0x7599f328b580           IMAD.SHL.U32 R18, R17, 0x4, RZ                           3      1      3      16384  524288 524288 32     32     0      0      0      -      -      -      0      0      0      0      0      0      0      0      -      0      0      0      0      0      0      0      0      0      0      0      0      0      1      0      0      0      1      0      1      0      0      0      0      0      0      0      0      0      0      0      0      0      0      0      1      0      0      0      0      0      0     
0x7599f328b590           SHF.L.U32 R12, R17, 0x4, RZ                              0      0      0      16384  524288 524288 32     32     0      0      0      -      -      -      0      0      0      0      0      0      0      0      -      0      0      0      0      0      0      0      0      0      0      0      0      0      0      0      0      0      0      0      0      0      0      0      0      0      0      0      0      0      0      0      0      0      0      0      0      0      0      0      0      0      0     
0x7599f328b5a0           SHF.L.U64.HI R10, R17, 0x4, R16                          5      3      5      16384  524288 524288 32     32     0      0      0      -      -      -      0      0      0      0      0      0      0      0      -      0      0      0      0      0      0      0      0      0      0      0      0      2      1      0      0      0      0      1      0      0      0      0      1      0      0      0      0      0      0      1      1      0      0      0      0      0      0      0      0      0      1     
0x7599f328b5b0           IMAD.WIDE.U32 R18, R2, c[0x0][0x188], R18                0      0      0      16384  524288 524288 32     32     0      0      0      -      -      -      0      0      0      0      0      0      0      0      -      0      0      0      0      0      0      0      0      0      0      0      0      0      0      0      0      0      0      0      0      0      0      0      0      0      0      0      0      0      0      0      0      0      0      0      0      0      0      0      0      0      0     
0x7599f328b5c0           IADD3 R8, P1, R12, c[0x0][0x168], RZ                     0      0      0      16384  524288 524288 32     32     0      0      0      -      -      -      0      0      0      0      0      0      0      0      -      0      0      0      0      0      0      0      0      0      0      0      0      0      0      0      0      0      0      0      0      0      0      0      0      0      0      0      0      0      0      0      0      0      0      0      0      0      0      0      0      0      0     
0x7599f328b5d0           IMAD R5, R2, c[0x0][0x18c], R19                          3      0      3      16384  524288 524288 32     32     0      0      0      -      -      -      0      0      0      0      0      0      0      0      -      0      0      0      0      0      0      0      0      0      0      0      0      0      1      0      0      0      0      0      0      0      0      0      2      0      0      0      0      0      0      0      0      0      0      0      0      0      0      0      0      0      0     
0x7599f328b5e0           SHF.L.U32 R19, R18, 0x2, RZ                              3      0      3      16384  524288 524288 32     32     0      0      0      -      -      -      0      0      0      0      0      0      0      0      -      0      0      0      0      0      0      0      0      3      0      0      0      0      0      0      0      0      0      0      0      0      0      0      0      0      0      0      0      0      0      0      0      0      0      0      0      0      0      0      0      0      0     
0x7599f328b5f0           IADD3.X R9, R10, c[0x0][0x16c], RZ, P1, !PT              1      0      1      16384  524288 524288 32     32     0      0      0      -      -      -      0      0      0      0      0      0      0      0      -      0      0      0      0      0      0      0      0      0      0      0      0      0      0      0      0      0      0      0      1      0      0      0      0      0      0      0      0      0      0      0      0      0      0      0      0      0      0      0      0      0      0     
0x7599f328b600           SHF.L.U64.HI R18, R18, 0x2, R5                           0      0      0      16384  524288 524288 32     32     0      0      0      -      -      -      0      0      0      0      0      0      0      0      -      0      0      0      0      0      0      0      0      0      0      0      0      0      0      0      0      0      0      0      0      0      0      0      0      0      0      0      0      0      0      0      0      0      0      0      0      0      0      0      0      0      0     
0x7599f328b610           IADD3 R4, P0, R19, c[0x0][0x160], RZ                     1      0      1      16384  524288 524288 32     32     0      0      0      -      -      -      0      0      0      0      0      0      0      0      -      0      0      0      0      0      0      0      0      0      0      0      0      0      0      0      0      0      0      1      0      0      0      0      0      0      0      0      0      0      0      0      0      0      0      0      0      0      0      0      0      0      0     
0x7599f328b620           IADD3.X R5, R18, c[0x0][0x164], RZ, P0, !PT              5      2      5      16384  524288 524288 32     32     0      0      0      -      -      -      0      0      0      0      0      0      0      0      -      0      0      0      0      0      0      0      0      0      0      0      0      0      1      0      0      0      0      2      0      0      0      0      2      0      0      0      0      0      0      0      1      0      0      0      0      0      0      0      0      0      1     
0x7599f328b630           IADD3 R12, P0, R12, c[0x0][0x170], RZ                    1      0      1      16384  524288 524288 32     32     0      0      0      -      -      -      0      0      0      0      0      0      0      0      -      0      0      0      0      0      0      0      0      0      0      0      0      0      0      0      0      0      0      0      1      0      0      0      0      0      0      0      0      0      0      0      0      0      0      0      0      0      0      0      0      0      0     
0x7599f328b640           LDG.E.128.CONSTANT R4, [R4.64]                           3      0      3      16384  524288 524288 32     32     0      0      0      Global Load   128    65536  0      0      0      0      0      262144 262144        0      0      0      0      0      0      0      0      0      0      0      1      0      0      0      0      0      0      0      1      0      0      0      1      0      0      0      0      0      0      0      0      0      0      0      0      0      0      0      0      0      0     
0x7599f328b650           IADD3.X R13, R10, c[0x0][0x174], RZ, P0, !PT             0      0      0      16384  524288 524288 32     32     0      0      0      -      -      -      0      0      0      0      0      0      0      0      -      0      0      0      0      0      0      0      0      0      0      0      0      0      0      0      0      0      0      0      0      0      0      0      0      0      0      0      0      0      0      0      0      0      0      0      0      0      0      0      0      0      0     
0x7599f328b660           LDG.E.128.CONSTANT R8, [R8.64]                           1      1      1      16384  524288 524288 32     32     0      0      0      Global Load   128    65536  0      0      0      0      0      262144 262144        0      0      0      0      0      0      0      0      0      0      0      1      0      0      0      0      0      0      0      0      0      0      0      0      0      0      0      0      0      1      0      0      0      0      0      0      0      0      0      0      0      0     
0x7599f328b670           LDG.E.128.CONSTANT R12, [R12.64]                         4      2      4      16384  524288 524288 32     32     0      0      0      Global Load   128    65536  0      0      0      0      0      262144 262144        0      0      0      0      0      0      0      0      0      0      0      1      0      0      0      1      0      0      0      0      0      0      0      2      0      0      0      0      0      0      0      0      0      1      0      0      0      0      0      0      0      1     
0x7599f328b680           FADD R20, -R0, R7                                        161    128    161    16384  524288 524288 32     32     0      0      0      -      -      -      0      0      0      0      0      0      0      0      -      0      0      0      0      0      0      0      0      0      0      0      0      161    0      0      0      0      0      0      0      0      0      0      0      0      0      0      0      0      0      128    0      0      0      0      0      0      0      0      0      0      0     
0x7599f328b690           FADD R22, -R0, R6                                        0      0      0      16384  524288 524288 32     32     0      0      0      -      -      -      0      0      0      0      0      0      0      0      -      0      0      0      0      0      0      0      0      0      0      0      0      0      0      0      0      0      0      0      0      0      0      0      0      0      0      0      0      0      0      0      0      0      0      0      0      0      0      0      0      0      0     
0x7599f328b6a0           FADD R6, -R0, R4                                         0      0      0      16384  524288 524288 32     32     0      0      0      -      -      -      0      0      0      0      0      0      0      0      -      0      0      0      0      0      0      0      0      0      0      0      0      0      0      0      0      0      0      0      0      0      0      0      0      0      0      0      0      0      0      0      0      0      0      0      0      0      0      0      0      0      0     
0x7599f328b6b0           IADD3 R4, P0, R19, c[0x0][0x178], RZ                     2      0      2      16384  524288 524288 32     32     0      0      0      -      -      -      0      0      0      0      0      0      0      0      -      0      0      0      0      0      0      0      0      0      0      0      0      0      0      0      0      0      0      0      2      0      0      0      0      0      0      0      0      0      0      0      0      0      0      0      0      0      0      0      0      0      0     
0x7599f328b6c0           FMUL R24, R20, R3                                        0      0      0      16384  524288 524288 32     32     0      0      0      -      -      -      0      0      0      0      0      0      0      0      -      0      0      0      0      0      0      0      0      0      0      0      0      0      0      0      0      0      0      0      0      0      0      0      0      0      0      0      0      0      0      0      0      0      0      0      0      0      0      0      0      0      0     
0x7599f328b6d0           FADD R20, -R0, R5                                        1      0      1      16384  524288 524288 32     32     0      0      0      -      -      -      0      0      0      0      0      0      0      0      -      0      0      0      0      0      0      0      0      0      0      0      0      0      0      0      0      0      0      0      1      0      0      0      0      0      0      0      0      0      0      0      0      0      0      0      0      0      0      0      0      0      0     
0x7599f328b6e0           FMUL R7, R6, R3                                          0      0      0      16384  524288 524288 32     32     0      0      0      -      -      -      0      0      0      0      0      0      0      0      -      0      0      0      0      0      0      0      0      0      0      0      0      0      0      0      0      0      0      0      0      0      0      0      0      0      0      0      0      0      0      0      0      0      0      0      0      0      0      0      0      0      0     
0x7599f328b6f0           IADD3.X R5, R18, c[0x0][0x17c], RZ, P0, !PT              0      0      0      16384  524288 524288 32     32     0      0      0      -      -      -      0      0      0      0      0      0      0      0      -      0      0      0      0      0      0      0      0      0      0      0      0      0      0      0      0      0      0      0      0      0      0      0      0      0      0      0      0      0      0      0      0      0      0      0      0      0      0      0      0      0      0     
0x7599f328b700           FFMA R11, R11, R24, R15                                  26     10     26     16384  524288 524288 32     32     0      0      0      -      -      -      0      0      0      0      0      0      0      0      -      0      0      0      0      0      0      0      0      0      0      0      0      24     0      0      0      0      0      1      1      0      0      0      0      0      0      0      0      0      0      10     0      0      0      0      0      0      0      0      0      0      0     
0x7599f328b710           FMUL R15, R22, R3                                        1      0      1      16384  524288 524288 32     32     0      0      0      -      -      -      0      0      0      0      0      0      0      0      -      0      0      0      0      0      0      0      0      0      0      0      0      0      0      0      0      0      0      0      1      0      0      0      0      0      0      0      0      0      0      0      0      0      0      0      0      0      0      0      0      0      0     
0x7599f328b720           FMUL R20, R20, R3                                        1      0      1      16384  524288 524288 32     32     0      0      0      -      -      -      0      0      0      0      0      0      0      0      -      0      0      0      0      0      0      0      0      0      0      0      0      0      0      0      0      0      0      0      1      0      0      0      0      0      0      0      0      0      0      0      0      0      0      0      0      0      0      0      0      0      0     
0x7599f328b730           FFMA R8, R8, R7, R12                                     2      0      2      16384  524288 524288 32     32     0      0      0      -      -      -      0      0      0      0      0      0      0      0      -      0      0      0      0      0      0      0      0      0      0      0      0      0      0      0      0      0      0      0      2      0      0      0      0      0      0      0      0      0      0      0      0      0      0      0      0      0      0      0      0      0      0     
0x7599f328b740           IADD3 R17, P0, R17, c[0x0][0x0], RZ                      0      0      0      16384  524288 524288 32     32     0      0      0      -      -      -      0      0      0      0      0      0      0      0      -      0      0      0      0      0      0      0      0      0      0      0      0      0      0      0      0      0      0      0      0      0      0      0      0      0      0      0      0      0      0      0      0      0      0      0      0      0      0      0      0      0      0     
0x7599f328b750           FFMA R10, R10, R15, R14                                  0      0      0      16384  524288 524288 32     32     0      0      0      -      -      -      0      0      0      0      0      0      0      0      -      0      0      0      0      0      0      0      0      0      0      0      0      0      0      0      0      0      0      0      0      0      0      0      0      0      0      0      0      0      0      0      0      0      0      0      0      0      0      0      0      0      0     
0x7599f328b760           FFMA R9, R9, R20, R13                                    0      0      0      16384  524288 524288 32     32     0      0      0      -      -      -      0      0      0      0      0      0      0      0      -      0      0      0      0      0      0      0      0      0      0      0      0      0      0      0      0      0      0      0      0      0      0      0      0      0      0      0      0      0      0      0      0      0      0      0      0      0      0      0      0      0      0     
0x7599f328b770           IADD3.X R16, RZ, R16, RZ, P0, !PT                        1      0      1      16384  524288 524288 32     32     0      0      0      -      -      -      0      0      0      0      0      0      0      0      -      0      0      0      0      0      0      0      0      0      0      0      0      0      0      0      0      0      0      0      0      0      0      0      1      0      0      0      0      0      0      0      0      0      0      0      0      0      0      0      0      0      0     
0x7599f328b780           ISETP.GE.U32.AND P0, PT, R17, UR4, PT                    1      0      1      16384  524288 524288 32     32     0      0      0      -      -      -      0      0      0      0      0      0      0      0      -      0      0      0      0      0      0      0      0      0      0      0      0      0      0      0      0      0      0      1      0      0      0      0      0      0      0      0      0      0      0      0      0      0      0      0      0      0      0      0      0      0      0     
0x7599f328b790           STG.E.128 [R4.64], R8                                    1      1      1      16384  524288 524288 32     32     0      0      0      Global Store  128    65536  0      0      0      0      0      262144 262144        0      0      0      0      0      0      0      0      0      0      0      0      0      0      0      1      0      0      0      0      0      0      0      0      0      0      0      0      0      0      0      0      0      1      0      0      0      0      0      0      0      0     
0x7599f328b7a0           ISETP.GE.U32.AND.EX P0, PT, R16, UR5, PT, P0             4      3      4      16384  524288 524288 32     32     0      0      0      -      -      -      0      0      0      0      0      0      0      0      -      0      0      0      0      0      0      0      0      0      0      0      0      0      0      0      0      0      0      0      0      0      0      0      4      0      0      0      0      0      0      0      0      0      0      0      0      0      0      0      0      0      3     
0x7599f328b7b0     @!P0  BRA 0x7599f328b570                                       15     7      15     16384  524288 262144 32     16     16     16     0      -      -      -      0      0      0      0      0      0      0      0      -      0      0      0      0      0      0      0      0      0      0      0      0      0      0      0      0      0      0      0      4      0      0      0      11     0      0      0      0      0      0      0      0      0      0      0      0      0      0      0      0      0      7     
0x7599f328b7c0           EXIT                                                     2      2      2      8192   262144 262144 32     32     16     0      0      -      -      -      0      0      0      0      0      0      0      0      -      0      0      0      0      0      0      0      0      0      0      0      0      0      0      0      0      0      0      0      0      0      0      0      2      0      0      0      0      0      0      0      0      0      0      0      0      0      0      0      0      0      2     
0x7599f328b7d0           SHF.R.U32.HI R6, RZ, 0x17, R3                            21     11     21     0      0      0      0      0      32     32     0      -      -      -      0      0      0      0      0      0      0      0      -      0      0      0      0      0      0      0      2      0      18     0      0      0      0      0      0      0      0      0      0      0      0      0      1      0      2      0      8      0      0      0      0      0      0      0      0      0      0      0      0      0      1     
0x7599f328b7e0           BSSY B2, 0x7599f328be10                                  0      0      0      0      0      0      0      0      0      32     0      -      -      -      0      0      0      0      0      0      0      0      -      0      0      0      0      0      0      0      0      0      0      0      0      0      0      0      0      0      0      0      0      0      0      0      0      0      0      0      0      0      0      0      0      0      0      0      0      0      0      0      0      0      0     
0x7599f328b7f0           SHF.R.U32.HI R5, RZ, 0x17, R0                            0      0      0      0      0      0      0      0      0      32     0      -      -      -      0      0      0      0      0      0      0      0      -      0      0      0      0      0      0      0      0      0      0      0      0      0      0      0      0      0      0      0      0      0      0      0      0      0      0      0      0      0      0      0      0      0      0      0      0      0      0      0      0      0      0     
0x7599f328b800           LOP3.LUT R12, R6, 0xff, RZ, 0xc0, !PT                    0      0      0      0      0      0      0      0      0      32     0      -      -      -      0      0      0      0      0      0      0      0      -      0      0      0      0      0      0      0      0      0      0      0      0      0      0      0      0      0      0      0      0      0      0      0      0      0      0      0      0      0      0      0      0      0      0      0      0      0      0      0      0      0      0     
0x7599f328b810           LOP3.LUT R10, R5, 0xff, RZ, 0xc0, !PT                    0      0      0      0      0      0      0      0      0      32     0      -      -      -      0      0      0      0      0      0      0      0      -      0      0      0      0      0      0      0      0      0      0      0      0      0      0      0      0      0      0      0      0      0      0      0      0      0      0      0      0      0      0      0      0      0      0      0      0      0      0      0      0      0      0     
0x7599f328b820           IADD3 R7, R12, -0x1, RZ                                  0      0      0      0      0      0      0      0      0      32     0      -      -      -      0      0      0      0      0      0      0      0      -      0      0      0      0      0      0      0      0      0      0      0      0      0      0      0      0      0      0      0      0      0      0      0      0      0      0      0      0      0      0      0      0      0      0      0      0      0      0      0      0      0      0     
0x7599f328b830           IADD3 R6, R10, -0x1, RZ                                  0      0      0      0      0      0      0      0      0      32     0      -      -      -      0      0      0      0      0      0      0      0      -      0      0      0      0      0      0      0      0      0      0      0      0      0      0      0      0      0      0      0      0      0      0      0      0      0      0      0      0      0      0      0      0      0      0      0      0      0      0      0      0      0      0     
0x7599f328b840           ISETP.GT.U32.AND P0, PT, R7, 0xfd, PT                    0      0      0      0      0      0      0      0      0      32     0      -      -      -      0      0      0      0      0      0      0      0      -      0      0      0      0      0      0      0      0      0      0      0      0      0      0      0      0      0      0      0      0      0      0      0      0      0      0      0      0      0      0      0      0      0      0      0      0      0      0      0      0      0      0     
0x7599f328b850           ISETP.GT.U32.OR P0, PT, R6, 0xfd, P0                     0      0      0      0      0      0      0      0      0      32     0      -      -      -      0      0      0      0      0      0      0      0      -      0      0      0      0      0      0      0      0      0      0      0      0      0      0      0      0      0      0      0      0      0      0      0      0      0      0      0      0      0      0      0      0      0      0      0      0      0      0      0      0      0      0     
0x7599f328b860     @!P0  MOV R5, RZ                                               0      0      0      0      0      0      0      0      0      32     0      -      -      -      0      0      0      0      0      0      0      0      -      0      0      0      0      0      0      0      0      0      0      0      0      0      0      0      0      0      0      0      0      0      0      0      0      0      0      0      0      0      0      0      0      0      0      0      0      0      0      0      0      0      0     
0x7599f328b870     @!P0  BRA 0x7599f328b9f0                                       0      0      0      0      0      0      0      0      0      32     0      -      -      -      0      0      0      0      0      0      0      0      -      0      0      0      0      0      0      0      0      0      0      0      0      0      0      0      0      0      0      0      0      0      0      0      0      0      0      0      0      0      0      0      0      0      0      0      0      0      0      0      0      0      0     
0x7599f328b880           FSETP.GTU.FTZ.AND P0, PT, |R0|, +INF , PT                0      0      0      0      0      0      0      0      0      32     0      -      -      -      0      0      0      0      0      0      0      0      -      0      0      0      0      0      0      0      0      0      0      0      0      0      0      0      0      0      0      0      0      0      0      0      0      0      0      0      0      0      0      0      0      0      0      0      0      0      0      0      0      0      0     
0x7599f328b890           FSETP.GTU.FTZ.AND P2, PT, |R3|, +INF , PT                0      0      0      0      0      0      0      0      0      32     0      -      -      -      0      0      0      0      0      0      0      0      -      0      0      0      0      0      0      0      0      0      0      0      0      0      0      0      0      0      0      0      0      0      0      0      0      0      0      0      0      0      0      0      0      0      0      0      0      0      0      0      0      0      0     
0x7599f328b8a0           PLOP3.LUT P0, PT, P0, P2, PT, 0xa8, 0x0                  0      0      0      0      0      0      0      0      0      32     0      -      -      -      0      0      0      0      0      0      0      0      -      0      0      0      0      0      0      0      0      0      0      0      0      0      0      0      0      0      0      0      0      0      0      0      0      0      0      0      0      0      0      0      0      0      0      0      0      0      0      0      0      0      0     
0x7599f328b8b0     @P0   BRA 0x7599f328bdf0                                       0      0      0      0      0      0      0      0      0      32     0      -      -      -      0      0      0      0      0      0      0      0      -      0      0      0      0      0      0      0      0      0      0      0      0      0      0      0      0      0      0      0      0      0      0      0      0      0      0      0      0      0      0      0      0      0      0      0      0      0      0      0      0      0      0     
0x7599f328b8c0           LOP3.LUT P0, RZ, R3, 0x7fffffff, R0, 0xc8, !PT           0      0      0      0      0      0      0      0      0      32     0      -      -      -      0      0      0      0      0      0      0      0      -      0      0      0      0      0      0      0      0      0      0      0      0      0      0      0      0      0      0      0      0      0      0      0      0      0      0      0      0      0      0      0      0      0      0      0      0      0      0      0      0      0      0     
0x7599f328b8d0     @!P0  BRA 0x7599f328bdd0                                       0      0      0      0      0      0      0      0      0      32     0      -      -      -      0      0      0      0      0      0      0      0      -      0      0      0      0      0      0      0      0      0      0      0      0      0      0      0      0      0      0      0      0      0      0      0      0      0      0      0      0      0      0      0      0      0      0      0      0      0      0      0      0      0      0     
0x7599f328b8e0           FSETP.NEU.FTZ.AND P4, PT, |R0|, +INF , PT                0      0      0      0      0      0      0      0      0      32     0      -      -      -      0      0      0      0      0      0      0      0      -      0      0      0      0      0      0      0      0      0      0      0      0      0      0      0      0      0      0      0      0      0      0      0      0      0      0      0      0      0      0      0      0      0      0      0      0      0      0      0      0      0      0     
0x7599f328b8f0           FSETP.NEU.FTZ.AND P2, PT, |R3|, +INF , PT                0      0      0      0      0      0      0      0      0      32     0      -      -      -      0      0      0      0      0      0      0      0      -      0      0      0      0      0      0      0      0      0      0      0      0      0      0      0      0      0      0      0      0      0      0      0      0      0      0      0      0      0      0      0      0      0      0      0      0      0      0      0      0      0      0     
0x7599f328b900           FSETP.NEU.FTZ.AND P0, PT, |R0|, +INF , PT                0      0      0      0      0      0      0      0      0      32     0      -      -      -      0      0      0      0      0      0      0      0      -      0      0      0      0      0      0      0      0      0      0      0      0      0      0      0      0      0      0      0      0      0      0      0      0      0      0      0      0      0      0      0      0      0      0      0      0      0      0      0      0      0      0     
0x7599f328b910     @!P2  BRA !P4, 0x7599f328bdd0                                  0      0      0      0      0      0      0      0      0      32     0      -      -      -      0      0      0      0      0      0      0      0      -      0      0      0      0      0      0      0      0      0      0      0      0      0      0      0      0      0      0      0      0      0      0      0      0      0      0      0      0      0      0      0      0      0      0      0      0      0      0      0      0      0      0     
0x7599f328b920           LOP3.LUT P4, RZ, R0, 0x7fffffff, RZ, 0xc0, !PT           0      0      0      0      0      0      0      0      0      32     0      -      -      -      0      0      0      0      0      0      0      0      -      0      0      0      0      0      0      0      0      0      0      0      0      0      0      0      0      0      0      0      0      0      0      0      0      0      0      0      0      0      0      0      0      0      0      0      0      0      0      0      0      0      0     
0x7599f328b930           PLOP3.LUT P2, PT, P2, P4, PT, 0x2a, 0x0                  0      0      0      0      0      0      0      0      0      32     0      -      -      -      0      0      0      0      0      0      0      0      -      0      0      0      0      0      0      0      0      0      0      0      0      0      0      0      0      0      0      0      0      0      0      0      0      0      0      0      0      0      0      0      0      0      0      0      0      0      0      0      0      0      0     
0x7599f328b940     @P2   BRA 0x7599f328bdb0                                       0      0      0      0      0      0      0      0      0      32     0      -      -      -      0      0      0      0      0      0      0      0      -      0      0      0      0      0      0      0      0      0      0      0      0      0      0      0      0      0      0      0      0      0      0      0      0      0      0      0      0      0      0      0      0      0      0      0      0      0      0      0      0      0      0     
0x7599f328b950           LOP3.LUT P2, RZ, R3, 0x7fffffff, RZ, 0xc0, !PT           0      0      0      0      0      0      0      0      0      32     0      -      -      -      0      0      0      0      0      0      0      0      -      0      0      0      0      0      0      0      0      0      0      0      0      0      0      0      0      0      0      0      0      0      0      0      0      0      0      0      0      0      0      0      0      0      0      0      0      0      0      0      0      0      0     
0x7599f328b960           PLOP3.LUT P0, PT, P0, P2, PT, 0x2a, 0x0                  0      0      0      0      0      0      0      0      0      32     0      -      -      -      0      0      0      0      0      0      0      0      -      0      0      0      0      0      0      0      0      0      0      0      0      0      0      0      0      0      0      0      0      0      0      0      0      0      0      0      0      0      0      0      0      0      0      0      0      0      0      0      0      0      0     
0x7599f328b970     @P0   BRA 0x7599f328bd80                                       0      0      0      0      0      0      0      0      0      32     0      -      -      -      0      0      0      0      0      0      0      0      -      0      0      0      0      0      0      0      0      0      0      0      0      0      0      0      0      0      0      0      0      0      0      0      0      0      0      0      0      0      0      0      0      0      0      0      0      0      0      0      0      0      0     
0x7599f328b980           ISETP.GE.AND P0, PT, R6, RZ, PT                          0      0      0      0      0      0      0      0      0      32     0      -      -      -      0      0      0      0      0      0      0      0      -      0      0      0      0      0      0      0      0      0      0      0      0      0      0      0      0      0      0      0      0      0      0      0      0      0      0      0      0      0      0      0      0      0      0      0      0      0      0      0      0      0      0     
0x7599f328b990           ISETP.GE.AND P2, PT, R7, RZ, PT                          0      0      0      0      0      0      0      0      0      32     0      -      -      -      0      0      0      0      0      0      0      0      -      0      0      0      0      0      0      0      0      0      0      0      0      0      0      0      0      0      0      0      0      0      0      0      0      0      0      0      0      0      0      0      0      0      0      0      0      0      0      0      0      0      0     
0x7599f328b9a0     @P0   IMAD.MOV.U32 R5, RZ, RZ, RZ                              0      0      0      0      0      0      0      0      0      32     0      -      -      -      0      0      0      0      0      0      0      0      -      0      0      0      0      0      0      0      0      0      0      0      0      0      0      0      0      0      0      0      0      0      0      0      0      0      0      0      0      0      0      0      0      0      0      0      0      0      0      0      0      0      0     
0x7599f328b9b0     @!P0  MOV R5, 0xffffffc0                                       0      0      0      0      0      0      0      0      0      32     0      -      -      -      0      0      0      0      0      0      0      0      -      0      0      0      0      0      0      0      0      0      0      0      0      0      0      0      0      0      0      0      0      0      0      0      0      0      0      0      0      0      0      0      0      0      0      0      0      0      0      0      0      0      0     
0x7599f328b9c0     @!P0  FFMA R0, R0, 1.84467440737095516160e+19, RZ              0      0      0      0      0      0      0      0      0      32     0      -      -      -      0      0      0      0      0      0      0      0      -      0      0      0      0      0      0      0      0      0      0      0      0      0      0      0      0      0      0      0      0      0      0      0      0      0      0      0      0      0      0      0      0      0      0      0      0      0      0      0      0      0      0     
0x7599f328b9d0     @!P2  FFMA R3, R3, 1.84467440737095516160e+19, RZ              0      0      0      0      0      0      0      0      0      32     0      -      -      -      0      0      0      0      0      0      0      0      -      0      0      0      0      0      0      0      0      0      0      0      0      0      0      0      0      0      0      0      0      0      0      0      0      0      0      0      0      0      0      0      0      0      0      0      0      0      0      0      0      0      0     
0x7599f328b9e0     @!P2  IADD3 R5, R5, 0x40, RZ                                   0      0      0      0      0      0      0      0      0      32     0      -      -      -      0      0      0      0      0      0      0      0      -      0      0      0      0      0      0      0      0      0      0      0      0      0      0      0      0      0      0      0      0      0      0      0      0      0      0      0      0      0      0      0      0      0      0      0      0      0      0      0      0      0      0     
0x7599f328b9f0           LEA R6, R12, 0xc0800000, 0x17                            0      0      0      0      0      0      0      0      0      32     0      -      -      -      0      0      0      0      0      0      0      0      -      0      0      0      0      0      0      0      0      0      0      0      0      0      0      0      0      0      0      0      0      0      0      0      0      0      0      0      0      0      0      0      0      0      0      0      0      0      0      0      0      0      0     
0x7599f328ba00           BSSY B3, 0x7599f328bd70                                  0      0      0      0      0      0      0      0      0      32     0      -      -      -      0      0      0      0      0      0      0      0      -      0      0      0      0      0      0      0      0      0      0      0      0      0      0      0      0      0      0      0      0      0      0      0      0      0      0      0      0      0      0      0      0      0      0      0      0      0      0      0      0      0      0     
0x7599f328ba10           IADD3 R6, -R6, R3, RZ                                    0      0      0      0      0      0      0      0      0      32     0      -      -      -      0      0      0      0      0      0      0      0      -      0      0      0      0      0      0      0      0      0      0      0      0      0      0      0      0      0      0      0      0      0      0      0      0      0      0      0      0      0      0      0      0      0      0      0      0      0      0      0      0      0      0     
0x7599f328ba20           IADD3 R3, R10, -0x7f, RZ                                 0      0      0      0      0      0      0      0      0      32     0      -      -      -      0      0      0      0      0      0      0      0      -      0      0      0      0      0      0      0      0      0      0      0      0      0      0      0      0      0      0      0      0      0      0      0      0      0      0      0      0      0      0      0      0      0      0      0      0      0      0      0      0      0      0     
0x7599f328ba30           MUFU.RCP R7, R6                                          0      0      0      0      0      0      0      0      0      32     0      -      -      -      0      0      0      0      0      0      0      0      -      0      0      0      0      0      0      0      0      0      0      0      0      0      0      0      0      0      0      0      0      0      0      0      0      0      0      0      0      0      0      0      0      0      0      0      0      0      0      0      0      0      0     
0x7599f328ba40           FADD.FTZ R9, -R6, -RZ                                    0      0      0      0      0      0      0      0      0      32     0      -      -      -      0      0      0      0      0      0      0      0      -      0      0      0      0      0      0      0      0      0      0      0      0      0      0      0      0      0      0      0      0      0      0      0      0      0      0      0      0      0      0      0      0      0      0      0      0      0      0      0      0      0      0     
0x7599f328ba50           IMAD R0, R3, -0x800000, R0                               0      0      0      0      0      0      0      0      0      32     0      -      -      -      0      0      0      0      0      0      0      0      -      0      0      0      0      0      0      0      0      0      0      0      0      0      0      0      0      0      0      0      0      0      0      0      0      0      0      0      0      0      0      0      0      0      0      0      0      0      0      0      0      0      0     
0x7599f328ba60           IADD3 R6, R3, 0x7f, -R12                                 0      0      0      0      0      0      0      0      0      32     0      -      -      -      0      0      0      0      0      0      0      0      -      0      0      0      0      0      0      0      0      0      0      0      0      0      0      0      0      0      0      0      0      0      0      0      0      0      0      0      0      0      0      0      0      0      0      0      0      0      0      0      0      0      0     
0x7599f328ba70           IADD3 R6, R6, R5, RZ                                     0      0      0      0      0      0      0      0      0      32     0      -      -      -      0      0      0      0      0      0      0      0      -      0      0      0      0      0      0      0      0      0      0      0      0      0      0      0      0      0      0      0      0      0      0      0      0      0      0      0      0      0      0      0      0      0      0      0      0      0      0      0      0      0      0     
0x7599f328ba80           FFMA R10, R7, R9, 1                                      0      0      0      0      0      0      0      0      0      32     0      -      -      -      0      0      0      0      0      0      0      0      -      0      0      0      0      0      0      0      0      0      0      0      0      0      0      0      0      0      0      0      0      0      0      0      0      0      0      0      0      0      0      0      0      0      0      0      0      0      0      0      0      0      0     
0x7599f328ba90           FFMA R14, R7, R10, R7                                    0      0      0      0      0      0      0      0      0      32     0      -      -      -      0      0      0      0      0      0      0      0      -      0      0      0      0      0      0      0      0      0      0      0      0      0      0      0      0      0      0      0      0      0      0      0      0      0      0      0      0      0      0      0      0      0      0      0      0      0      0      0      0      0      0     
0x7599f328baa0           FFMA R7, R0, R14, RZ                                     0      0      0      0      0      0      0      0      0      32     0      -      -      -      0      0      0      0      0      0      0      0      -      0      0      0      0      0      0      0      0      0      0      0      0      0      0      0      0      0      0      0      0      0      0      0      0      0      0      0      0      0      0      0      0      0      0      0      0      0      0      0      0      0      0     
0x7599f328bab0           FFMA R10, R9, R7, R0                                     0      0      0      0      0      0      0      0      0      32     0      -      -      -      0      0      0      0      0      0      0      0      -      0      0      0      0      0      0      0      0      0      0      0      0      0      0      0      0      0      0      0      0      0      0      0      0      0      0      0      0      0      0      0      0      0      0      0      0      0      0      0      0      0      0     
0x7599f328bac0           FFMA R11, R14, R10, R7                                   0      0      0      0      0      0      0      0      0      32     0      -      -      -      0      0      0      0      0      0      0      0      -      0      0      0      0      0      0      0      0      0      0      0      0      0      0      0      0      0      0      0      0      0      0      0      0      0      0      0      0      0      0      0      0      0      0      0      0      0      0      0      0      0      0     
0x7599f328bad0           FFMA R10, R9, R11, R0                                    0      0      0      0      0      0      0      0      0      32     0      -      -      -      0      0      0      0      0      0      0      0      -      0      0      0      0      0      0      0      0      0      0      0      0      0      0      0      0      0      0      0      0      0      0      0      0      0      0      0      0      0      0      0      0      0      0      0      0      0      0      0      0      0      0     
0x7599f328bae0           FFMA R7, R14, R10, R11                                   0      0      0      0      0      0      0      0      0      32     0      -      -      -      0      0      0      0      0      0      0      0      -      0      0      0      0      0      0      0      0      0      0      0      0      0      0      0      0      0      0      0      0      0      0      0      0      0      0      0      0      0      0      0      0      0      0      0      0      0      0      0      0      0      0     
0x7599f328baf0           SHF.R.U32.HI R0, RZ, 0x17, R7                            0      0      0      0      0      0      0      0      0      32     0      -      -      -      0      0      0      0      0      0      0      0      -      0      0      0      0      0      0      0      0      0      0      0      0      0      0      0      0      0      0      0      0      0      0      0      0      0      0      0      0      0      0      0      0      0      0      0      0      0      0      0      0      0      0     
0x7599f328bb00           LOP3.LUT R0, R0, 0xff, RZ, 0xc0, !PT                     0      0      0      0      0      0      0      0      0      32     0      -      -      -      0      0      0      0      0      0      0      0      -      0      0      0      0      0      0      0      0      0      0      0      0      0      0      0      0      0      0      0      0      0      0      0      0      0      0      0      0      0      0      0      0      0      0      0      0      0      0      0      0      0      0     
0x7599f328bb10           IADD3 R9, R0, R6, RZ                                     0      0      0      0      0      0      0      0      0      32     0      -      -      -      0      0      0      0      0      0      0      0      -      0      0      0      0      0      0      0      0      0      0      0      0      0      0      0      0      0      0      0      0      0      0      0      0      0      0      0      0      0      0      0      0      0      0      0      0      0      0      0      0      0      0     
0x7599f328bb20           IADD3 R0, R9, -0x1, RZ                                   0      0      0      0      0      0      0      0      0      32     0      -      -      -      0      0      0      0      0      0      0      0      -      0      0      0      0      0      0      0      0      0      0      0      0      0      0      0      0      0      0      0      0      0      0      0      0      0      0      0      0      0      0      0      0      0      0      0      0      0      0      0      0      0      0     
0x7599f328bb30           ISETP.GE.U32.AND P0, PT, R0, 0xfe, PT                    0      0      0      0      0      0      0      0      0      32     0      -      -      -      0      0      0      0      0      0      0      0      -      0      0      0      0      0      0      0      0      0      0      0      0      0      0      0      0      0      0      0      0      0      0      0      0      0      0      0      0      0      0      0      0      0      0      0      0      0      0      0      0      0      0     
0x7599f328bb40     @!P0  BRA 0x7599f328bd50                                       0      0      0      0      0      0      0      0      0      32     0      -      -      -      0      0      0      0      0      0      0      0      -      0      0      0      0      0      0      0      0      0      0      0      0      0      0      0      0      0      0      0      0      0      0      0      0      0      0      0      0      0      0      0      0      0      0      0      0      0      0      0      0      0      0     
0x7599f328bb50           ISETP.GT.AND P0, PT, R9, 0xfe, PT                        0      0      0      0      0      0      0      0      0      32     0      -      -      -      0      0      0      0      0      0      0      0      -      0      0      0      0      0      0      0      0      0      0      0      0      0      0      0      0      0      0      0      0      0      0      0      0      0      0      0      0      0      0      0      0      0      0      0      0      0      0      0      0      0      0     
0x7599f328bb60     @P0   BRA 0x7599f328bd20                                       0      0      0      0      0      0      0      0      0      32     0      -      -      -      0      0      0      0      0      0      0      0      -      0      0      0      0      0      0      0      0      0      0      0      0      0      0      0      0      0      0      0      0      0      0      0      0      0      0      0      0      0      0      0      0      0      0      0      0      0      0      0      0      0      0     
0x7599f328bb70           ISETP.GE.AND P0, PT, R9, 0x1, PT                         0      0      0      0      0      0      0      0      0      32     0      -      -      -      0      0      0      0      0      0      0      0      -      0      0      0      0      0      0      0      0      0      0      0      0      0      0      0      0      0      0      0      0      0      0      0      0      0      0      0      0      0      0      0      0      0      0      0      0      0      0      0      0      0      0     
0x7599f328bb80     @P0   BRA 0x7599f328bd60                                       0      0      0      0      0      0      0      0      0      32     0      -      -      -      0      0      0      0      0      0      0      0      -      0      0      0      0      0      0      0      0      0      0      0      0      0      0      0      0      0      0      0      0      0      0      0      0      0      0      0      0      0      0      0      0      0      0      0      0      0      0      0      0      0      0     
0x7599f328bb90           ISETP.GE.AND P0, PT, R9, -0x18, PT                       0      0      0      0      0      0      0      0      0      32     0      -      -      -      0      0      0      0      0      0      0      0      -      0      0      0      0      0      0      0      0      0      0      0      0      0      0      0      0      0      0      0      0      0      0      0      0      0      0      0      0      0      0      0      0      0      0      0      0      0      0      0      0      0      0     
0x7599f328bba0           LOP3.LUT R7, R7, 0x80000000, RZ, 0xc0, !PT               0      0      0      0      0      0      0      0      0      32     0      -      -      -      0      0      0      0      0      0      0      0      -      0      0      0      0      0      0      0      0      0      0      0      0      0      0      0      0      0      0      0      0      0      0      0      0      0      0      0      0      0      0      0      0      0      0      0      0      0      0      0      0      0      0     
0x7599f328bbb0     @!P0  BRA 0x7599f328bd60                                       0      0      0      0      0      0      0      0      0      32     0      -      -      -      0      0      0      0      0      0      0      0      -      0      0      0      0      0      0      0      0      0      0      0      0      0      0      0      0      0      0      0      0      0      0      0      0      0      0      0      0      0      0      0      0      0      0      0      0      0      0      0      0      0      0     
0x7599f328bbc0           FFMA.RZ R0, R14, R10, R11                                0      0      0      0      0      0      0      0      0      32     0      -      -      -      0      0      0      0      0      0      0      0      -      0      0      0      0      0      0      0      0      0      0      0      0      0      0      0      0      0      0      0      0      0      0      0      0      0      0      0      0      0      0      0      0      0      0      0      0      0      0      0      0      0      0     
0x7599f328bbd0           IADD3 R6, R9, 0x20, RZ                                   0      0      0      0      0      0      0      0      0      32     0      -      -      -      0      0      0      0      0      0      0      0      -      0      0      0      0      0      0      0      0      0      0      0      0      0      0      0      0      0      0      0      0      0      0      0      0      0      0      0      0      0      0      0      0      0      0      0      0      0      0      0      0      0      0     
0x7599f328bbe0           FFMA.RM R3, R14, R10, R11                                0      0      0      0      0      0      0      0      0      32     0      -      -      -      0      0      0      0      0      0      0      0      -      0      0      0      0      0      0      0      0      0      0      0      0      0      0      0      0      0      0      0      0      0      0      0      0      0      0      0      0      0      0      0      0      0      0      0      0      0      0      0      0      0      0     
0x7599f328bbf0           ISETP.NE.AND P4, PT, R9, RZ, PT                          0      0      0      0      0      0      0      0      0      32     0      -      -      -      0      0      0      0      0      0      0      0      -      0      0      0      0      0      0      0      0      0      0      0      0      0      0      0      0      0      0      0      0      0      0      0      0      0      0      0      0      0      0      0      0      0      0      0      0      0      0      0      0      0      0     
0x7599f328bc00           LOP3.LUT R5, R0, 0x7fffff, RZ, 0xc0, !PT                 0      0      0      0      0      0      0      0      0      32     0      -      -      -      0      0      0      0      0      0      0      0      -      0      0      0      0      0      0      0      0      0      0      0      0      0      0      0      0      0      0      0      0      0      0      0      0      0      0      0      0      0      0      0      0      0      0      0      0      0      0      0      0      0      0     
0x7599f328bc10           FFMA.RP R0, R14, R10, R11                                0      0      0      0      0      0      0      0      0      32     0      -      -      -      0      0      0      0      0      0      0      0      -      0      0      0      0      0      0      0      0      0      0      0      0      0      0      0      0      0      0      0      0      0      0      0      0      0      0      0      0      0      0      0      0      0      0      0      0      0      0      0      0      0      0     
0x7599f328bc20           ISETP.NE.AND P2, PT, R9, RZ, PT                          0      0      0      0      0      0      0      0      0      32     0      -      -      -      0      0      0      0      0      0      0      0      -      0      0      0      0      0      0      0      0      0      0      0      0      0      0      0      0      0      0      0      0      0      0      0      0      0      0      0      0      0      0      0      0      0      0      0      0      0      0      0      0      0      0     
0x7599f328bc30           IMAD.MOV R9, RZ, RZ, -R9                                 0      0      0      0      0      0      0      0      0      32     0      -      -      -      0      0      0      0      0      0      0      0      -      0      0      0      0      0      0      0      0      0      0      0      0      0      0      0      0      0      0      0      0      0      0      0      0      0      0      0      0      0      0      0      0      0      0      0      0      0      0      0      0      0      0     
0x7599f328bc40           LOP3.LUT R5, R5, 0x800000, RZ, 0xfc, !PT                 0      0      0      0      0      0      0      0      0      32     0      -      -      -      0      0      0      0      0      0      0      0      -      0      0      0      0      0      0      0      0      0      0      0      0      0      0      0      0      0      0      0      0      0      0      0      0      0      0      0      0      0      0      0      0      0      0      0      0      0      0      0      0      0      0     
0x7599f328bc50           FSETP.NEU.FTZ.AND P0, PT, R0, R3, PT                     0      0      0      0      0      0      0      0      0      32     0      -      -      -      0      0      0      0      0      0      0      0      -      0      0      0      0      0      0      0      0      0      0      0      0      0      0      0      0      0      0      0      0      0      0      0      0      0      0      0      0      0      0      0      0      0      0      0      0      0      0      0      0      0      0     
0x7599f328bc60           SHF.L.U32 R6, R5, R6, RZ                                 0      0      0      0      0      0      0      0      0      32     0      -      -      -      0      0      0      0      0      0      0      0      -      0      0      0      0      0      0      0      0      0      0      0      0      0      0      0      0      0      0      0      0      0      0      0      0      0      0      0      0      0      0      0      0      0      0      0      0      0      0      0      0      0      0     
0x7599f328bc70           SEL R0, R9, RZ, P4                                       0      0      0      0      0      0      0      0      0      32     0      -      -      -      0      0      0      0      0      0      0      0      -      0      0      0      0      0      0      0      0      0      0      0      0      0      0      0      0      0      0      0      0      0      0      0      0      0      0      0      0      0      0      0      0      0      0      0      0      0      0      0      0      0      0     
0x7599f328bc80           ISETP.NE.AND P2, PT, R6, RZ, P2                          0      0      0      0      0      0      0      0      0      32     0      -      -      -      0      0      0      0      0      0      0      0      -      0      0      0      0      0      0      0      0      0      0      0      0      0      0      0      0      0      0      0      0      0      0      0      0      0      0      0      0      0      0      0      0      0      0      0      0      0      0      0      0      0      0     
0x7599f328bc90           SHF.R.U32.HI R0, RZ, R0, R5                              0      0      0      0      0      0      0      0      0      32     0      -      -      -      0      0      0      0      0      0      0      0      -      0      0      0      0      0      0      0      0      0      0      0      0      0      0      0      0      0      0      0      0      0      0      0      0      0      0      0      0      0      0      0      0      0      0      0      0      0      0      0      0      0      0     
0x7599f328bca0           PLOP3.LUT P0, PT, P0, P2, PT, 0xa8, 0x0                  0      0      0      0      0      0      0      0      0      32     0      -      -      -      0      0      0      0      0      0      0      0      -      0      0      0      0      0      0      0      0      0      0      0      0      0      0      0      0      0      0      0      0      0      0      0      0      0      0      0      0      0      0      0      0      0      0      0      0      0      0      0      0      0      0     
0x7599f328bcb0           SHF.R.U32.HI R6, RZ, 0x1, R0                             0      0      0      0      0      0      0      0      0      32     0      -      -      -      0      0      0      0      0      0      0      0      -      0      0      0      0      0      0      0      0      0      0      0      0      0      0      0      0      0      0      0      0      0      0      0      0      0      0      0      0      0      0      0      0      0      0      0      0      0      0      0      0      0      0     
0x7599f328bcc0           SEL R3, RZ, 0x1, !P0                                     0      0      0      0      0      0      0      0      0      32     0      -      -      -      0      0      0      0      0      0      0      0      -      0      0      0      0      0      0      0      0      0      0      0      0      0      0      0      0      0      0      0      0      0      0      0      0      0      0      0      0      0      0      0      0      0      0      0      0      0      0      0      0      0      0     
0x7599f328bcd0           LOP3.LUT R3, R3, 0x1, R6, 0xf8, !PT                      0      0      0      0      0      0      0      0      0      32     0      -      -      -      0      0      0      0      0      0      0      0      -      0      0      0      0      0      0      0      0      0      0      0      0      0      0      0      0      0      0      0      0      0      0      0      0      0      0      0      0      0      0      0      0      0      0      0      0      0      0      0      0      0      0     
0x7599f328bce0           LOP3.LUT R3, R3, R0, RZ, 0xc0, !PT                       0      0      0      0      0      0      0      0      0      32     0      -      -      -      0      0      0      0      0      0      0      0      -      0      0      0      0      0      0      0      0      0      0      0      0      0      0      0      0      0      0      0      0      0      0      0      0      0      0      0      0      0      0      0      0      0      0      0      0      0      0      0      0      0      0     
0x7599f328bcf0           IADD3 R6, R6, R3, RZ                                     0      0      0      0      0      0      0      0      0      32     0      -      -      -      0      0      0      0      0      0      0      0      -      0      0      0      0      0      0      0      0      0      0      0      0      0      0      0      0      0      0      0      0      0      0      0      0      0      0      0      0      0      0      0      0      0      0      0      0      0      0      0      0      0      0     
0x7599f328bd00           LOP3.LUT R7, R6, R7, RZ, 0xfc, !PT                       0      0      0      0      0      0      0      0      0      32     0      -      -      -      0      0      0      0      0      0      0      0      -      0      0      0      0      0      0      0      0      0      0      0      0      0      0      0      0      0      0      0      0      0      0      0      0      0      0      0      0      0      0      0      0      0      0      0      0      0      0      0      0      0      0     
0x7599f328bd10           BRA 0x7599f328bd60                                       0      0      0      0      0      0      0      0      0      32     0      -      -      -      0      0      0      0      0      0      0      0      -      0      0      0      0      0      0      0      0      0      0      0      0      0      0      0      0      0      0      0      0      0      0      0      0      0      0      0      0      0      0      0      0      0      0      0      0      0      0      0      0      0      0     
0x7599f328bd20           LOP3.LUT R7, R7, 0x80000000, RZ, 0xc0, !PT               0      0      0      0      0      0      0      0      0      32     0      -      -      -      0      0      0      0      0      0      0      0      -      0      0      0      0      0      0      0      0      0      0      0      0      0      0      0      0      0      0      0      0      0      0      0      0      0      0      0      0      0      0      0      0      0      0      0      0      0      0      0      0      0      0     
0x7599f328bd30           LOP3.LUT R7, R7, 0x7f800000, RZ, 0xfc, !PT               0      0      0      0      0      0      0      0      0      32     0      -      -      -      0      0      0      0      0      0      0      0      -      0      0      0      0      0      0      0      0      0      0      0      0      0      0      0      0      0      0      0      0      0      0      0      0      0      0      0      0      0      0      0      0      0      0      0      0      0      0      0      0      0      0     
0x7599f328bd40           BRA 0x7599f328bd60                                       0      0      0      0      0      0      0      0      0      32     0      -      -      -      0      0      0      0      0      0      0      0      -      0      0      0      0      0      0      0      0      0      0      0      0      0      0      0      0      0      0      0      0      0      0      0      0      0      0      0      0      0      0      0      0      0      0      0      0      0      0      0      0      0      0     
0x7599f328bd50           LEA R7, R6, R7, 0x17                                     0      0      0      0      0      0      0      0      0      32     0      -      -      -      0      0      0      0      0      0      0      0      -      0      0      0      0      0      0      0      0      0      0      0      0      0      0      0      0      0      0      0      0      0      0      0      0      0      0      0      0      0      0      0      0      0      0      0      0      0      0      0      0      0      0     
0x7599f328bd60           BSYNC B3                                                 0      0      0      0      0      0      0      0      0      32     0      -      -      -      0      0      0      0      0      0      0      0      -      0      0      0      0      0      0      0      0      0      0      0      0      0      0      0      0      0      0      0      0      0      0      0      0      0      0      0      0      0      0      0      0      0      0      0      0      0      0      0      0      0      0     
0x7599f328bd70           BRA 0x7599f328be00                                       0      0      0      0      0      0      0      0      0      32     0      -      -      -      0      0      0      0      0      0      0      0      -      0      0      0      0      0      0      0      0      0      0      0      0      0      0      0      0      0      0      0      0      0      0      0      0      0      0      0      0      0      0      0      0      0      0      0      0      0      0      0      0      0      0     
0x7599f328bd80           LOP3.LUT R0, R3, 0x80000000, R0, 0x48, !PT               0      0      0      0      0      0      0      0      0      32     0      -      -      -      0      0      0      0      0      0      0      0      -      0      0      0      0      0      0      0      0      0      0      0      0      0      0      0      0      0      0      0      0      0      0      0      0      0      0      0      0      0      0      0      0      0      0      0      0      0      0      0      0      0      0     
0x7599f328bd90           LOP3.LUT R7, R0, 0x7f800000, RZ, 0xfc, !PT               0      0      0      0      0      0      0      0      0      32     0      -      -      -      0      0      0      0      0      0      0      0      -      0      0      0      0      0      0      0      0      0      0      0      0      0      0      0      0      0      0      0      0      0      0      0      0      0      0      0      0      0      0      0      0      0      0      0      0      0      0      0      0      0      0     
0x7599f328bda0           BRA 0x7599f328be00                                       0      0      0      0      0      0      0      0      0      32     0      -      -      -      0      0      0      0      0      0      0      0      -      0      0      0      0      0      0      0      0      0      0      0      0      0      0      0      0      0      0      0      0      0      0      0      0      0      0      0      0      0      0      0      0      0      0      0      0      0      0      0      0      0      0     
0x7599f328bdb0           LOP3.LUT R7, R3, 0x80000000, R0, 0x48, !PT               0      0      0      0      0      0      0      0      0      32     0      -      -      -      0      0      0      0      0      0      0      0      -      0      0      0      0      0      0      0      0      0      0      0      0      0      0      0      0      0      0      0      0      0      0      0      0      0      0      0      0      0      0      0      0      0      0      0      0      0      0      0      0      0      0     
0x7599f328bdc0           BRA 0x7599f328be00                                       0      0      0      0      0      0      0      0      0      32     0      -      -      -      0      0      0      0      0      0      0      0      -      0      0      0      0      0      0      0      0      0      0      0      0      0      0      0      0      0      0      0      0      0      0      0      0      0      0      0      0      0      0      0      0      0      0      0      0      0      0      0      0      0      0     
0x7599f328bdd0           MUFU.RSQ R7, -QNAN                                       0      0      0      0      0      0      0      0      0      32     0      -      -      -      0      0      0      0      0      0      0      0      -      0      0      0      0      0      0      0      0      0      0      0      0      0      0      0      0      0      0      0      0      0      0      0      0      0      0      0      0      0      0      0      0      0      0      0      0      0      0      0      0      0      0     
0x7599f328bde0           BRA 0x7599f328be00                                       0      0      0      0      0      0      0      0      0      32     0      -      -      -      0      0      0      0      0      0      0      0      -      0      0      0      0      0      0      0      0      0      0      0      0      0      0      0      0      0      0      0      0      0      0      0      0      0      0      0      0      0      0      0      0      0      0      0      0      0      0      0      0      0      0     
0x7599f328bdf0           FADD.FTZ R7, R0, R3                                      0      0      0      0      0      0      0      0      0      32     0      -      -      -      0      0      0      0      0      0      0      0      -      0      0      0      0      0      0      0      0      0      0      0      0      0      0      0      0      0      0      0      0      0      0      0      0      0      0      0      0      0      0      0      0      0      0      0      0      0      0      0      0      0      0     
0x7599f328be00           BSYNC B2                                                 0      0      0      0      0      0      0      0      0      32     0      -      -      -      0      0      0      0      0      0      0      0      -      0      0      0      0      0      0      0      0      0      0      0      0      0      0      0      0      0      0      0      0      0      0      0      0      0      0      0      0      0      0      0      0      0      0      0      0      0      0      0      0      0      0     
0x7599f328be10           MOV R5, 0x0                                              0      0      0      0      0      0      0      0      0      32     0      -      -      -      0      0      0      0      0      0      0      0      -      0      0      0      0      0      0      0      0      0      0      0      0      0      0      0      0      0      0      0      0      0      0      0      0      0      0      0      0      0      0      0      0      0      0      0      0      0      0      0      0      0      0     
0x7599f328be20           MOV R0, R7                                               0      0      0      0      0      0      0      0      0      32     0      -      -      -      0      0      0      0      0      0      0      0      -      0      0      0      0      0      0      0      0      0      0      0      0      0      0      0      0      0      0      0      0      0      0      0      0      0      0      0      0      0      0      0      0      0      0      0      0      0      0      0      0      0      0     
0x7599f328be30           RET.REL.NODEC R4, 0x7599f3289900                         0      0      0      0      0      0      0      0      0      32     0      -      -      -      0      0      0      0      0      0      0      0      -      0      0      0      0      0      0      0      0      0      0      0      0      0      0      0      0      0      0      0      0      0      0      0      0      0      0      0      0      0      0      0      0      0      0      0      0      0      0      0      0      0      0     
0x7599f328be40           BRA `(.L_x_0) 0x7599f328be40                             0      0      0      0      0      0      0      0      0      0      0      -      -      -      0      0      0      0      0      0      0      0      -      0      0      0      0      0      0      0      0      0      0      0      0      0      0      0      0      0      0      0      0      0      0      0      0      0      0      0      0      0      0      0      0      0      0      0      0      0      0      0      0      0      0     
0x7599f328be50           NOP                                                      0      0      0      0      0      0      0      0      0      0      0      -      -      -      0      0      0      0      0      0      0      0      -      0      0      0      0      0      0      0      0      0      0      0      0      0      0      0      0      0      0      0      0      0      0      0      0      0      0      0      0      0      0      0      0      0      0      0      0      0      0      0      0      0      0     
0x7599f328be60           NOP                                                      0      0      0      0      0      0      0      0      0      0      0      -      -      -      0      0      0      0      0      0      0      0      -      0      0      0      0      0      0      0      0      0      0      0      0      0      0      0      0      0      0      0      0      0      0      0      0      0      0      0      0      0      0      0      0      0      0      0      0      0      0      0      0      0      0     
0x7599f328be70           NOP                                                      0      0      0      0      0      0      0      0      0      0      0      -      -      -      0      0      0      0      0      0      0      0      -      0      0      0      0      0      0      0      0      0      0      0      0      0      0      0      0      0      0      0      0      0      0      0      0      0      0      0      0      0      0      0      0      0      0      0      0      0      0      0      0      0      0     
0x7599f328be80           NOP                                                      0      0      0      0      0      0      0      0      0      0      0      -      -      -      0      0      0      0      0      0      0      0      -      0      0      0      0      0      0      0      0      0      0      0      0      0      0      0      0      0      0      0      0      0      0      0      0      0      0      0      0      0      0      0      0      0      0      0      0      0      0      0      0      0      0     
0x7599f328be90           NOP                                                      0      0      0      0      0      0      0      0      0      0      0      -      -      -      0      0      0      0      0      0      0      0      -      0      0      0      0      0      0      0      0      0      0      0      0      0      0      0      0      0      0      0      0      0      0      0      0      0      0      0      0      0      0      0      0      0      0      0      0      0      0      0      0      0      0     
0x7599f328bea0           NOP                                                      0      0      0      0      0      0      0      0      0      0      0      -      -      -      0      0      0      0      0      0      0      0      -      0      0      0      0      0      0      0      0      0      0      0      0      0      0      0      0      0      0      0      0      0      0      0      0      0      0      0      0      0      0      0      0      0      0      0      0      0      0      0      0      0      0     
0x7599f328beb0           NOP                                                      0      0      0      0      0      0      0      0      0      0      0      -      -      -      0      0      0      0      0      0      0      0      -      0      0      0      0      0      0      0      0      0      0      0      0      0      0      0      0      0      0      0      0      0      0      0      0      0      0      0      0      0      0      0      0      0      0      0      0      0      0      0      0      0      0     
0x7599f328bec0           NOP                                                      0      0      0      0      0      0      0      0      0      0      0      -      -      -      0      0      0      0      0      0      0      0      -      0      0      0      0      0      0      0      0      0      0      0      0      0      0      0      0      0      0      0      0      0      0      0      0      0      0      0      0      0      0      0      0      0      0      0      0      0      0      0      0      0      0     
0x7599f328bed0           NOP                                                      0      0      0      0      0      0      0      0      0      0      0      -      -      -      0      0      0      0      0      0      0      0      -      0      0      0      0      0      0      0      0      0      0      0      0      0      0      0      0      0      0      0      0      0      0      0      0      0      0      0      0      0      0      0      0      0      0      0      0      0      0      0      0      0      0     
0x7599f328bee0           NOP                                                      0      0      0      0      0      0      0      0      0      0      0      -      -      -      0      0      0      0      0      0      0      0      -      0      0      0      0      0      0      0      0      0      0      0      0      0      0      0      0      0      0      0      0      0      0      0      0      0      0      0      0      0      0      0      0      0      0      0      0      0      0      0      0      0      0     
0x7599f328bef0           NOP                                                      0      0      0      0      0      0      0      0      0      0      0      -      -      -      0      0      0      0      0      0      0      0      -      0      0      0      0      0      0      0      0      0      0      0      0      0      0      0      0      0      0      0      0      0      0      0      0      0      0      0      0      0      0      0      0      0      0      0      0      0      0      0      0      0      0     
